bike_id,bike_type,status
BIKE00000,助力车,正常
BIKE00001,普通车,正常
BIKE00002,普通车,正常
BIKE00003,普通车,正常
BIKE00004,助力车,正常
BIKE00005,普通车,正常
BIKE00006,普通车,正常
BIKE00007,普通车,正常
BIKE00008,助力车,正常
BIKE00009,普通车,正常
BIKE00010,助力车,维修
BIKE00011,普通车,正常
BIKE00012,助力车,正常
BIKE00013,普通车,正常
BIKE00014,普通车,正常
BIKE00015,助力车,正常
BIKE00016,普通车,损坏
BIKE00017,普通车,正常
BIKE00018,普通车,正常
BIKE00019,普通车,正常
BIKE00020,助力车,正常
BIKE00021,助力车,正常
BIKE00022,助力车,正常
BIKE00023,普通车,正常
BIKE00024,助力车,正常
BIKE00025,普通车,正常
BIKE00026,普通车,正常
BIKE00027,普通车,正常
BIKE00028,助力车,正常
BIKE00029,普通车,正常
BIKE00030,助力车,正常
BIKE00031,普通车,正常
BIKE00032,普通车,维修
BIKE00033,普通车,正常
BIKE00034,助力车,正常
BIKE00035,助力车,正常
BIKE00036,普通车,维修
BIKE00037,普通车,正常
BIKE00038,普通车,正常
BIKE00039,助力车,正常
BIKE00040,普通车,正常
BIKE00041,普通车,正常
BIKE00042,普通车,正常
BIKE00043,普通车,正常
BIKE00044,普通车,正常
BIKE00045,普通车,正常
BIKE00046,普通车,正常
BIKE00047,普通车,正常
BIKE00048,助力车,正常
BIKE00049,普通车,正常
BIKE00050,普通车,维修
BIKE00051,助力车,正常
BIKE00052,普通车,正常
BIKE00053,普通车,正常
BIKE00054,普通车,正常
BIKE00055,助力车,正常
BIKE00056,助力车,正常
BIKE00057,普通车,正常
BIKE00058,助力车,正常
BIKE00059,助力车,正常
BIKE00060,普通车,正常
BIKE00061,普通车,正常
BIKE00062,普通车,损坏
BIKE00063,普通车,正常
BIKE00064,助力车,正常
BIKE00065,普通车,正常
BIKE00066,普通车,正常
BIKE00067,普通车,正常
BIKE00068,助力车,正常
BIKE00069,普通车,正常
BIKE00070,助力车,正常
BIKE00071,助力车,正常
BIKE00072,普通车,正常
BIKE00073,普通车,正常
BIKE00074,普通车,正常
BIKE00075,普通车,正常
BIKE00076,普通车,正常
BIKE00077,普通车,正常
BIKE00078,助力车,正常
BIKE00079,助力车,正常
BIKE00080,助力车,正常
BIKE00081,普通车,维修
BIKE00082,助力车,正常
BIKE00083,普通车,正常
BIKE00084,普通车,正常
BIKE00085,助力车,正常
BIKE00086,普通车,正常
BIKE00087,普通车,正常
BIKE00088,助力车,正常
BIKE00089,普通车,维修
BIKE00090,普通车,正常
BIKE00091,助力车,正常
BIKE00092,普通车,正常
BIKE00093,普通车,正常
BIKE00094,助力车,维修
BIKE00095,普通车,正常
BIKE00096,普通车,正常
BIKE00097,普通车,正常
BIKE00098,普通车,正常
BIKE00099,普通车,正常
BIKE00100,普通车,正常
BIKE00101,普通车,正常
BIKE00102,助力车,正常
BIKE00103,助力车,正常
BIKE00104,普通车,正常
BIKE00105,普通车,正常
BIKE00106,普通车,正常
BIKE00107,普通车,正常
BIKE00108,普通车,正常
BIKE00109,助力车,维修
BIKE00110,普通车,正常
BIKE00111,普通车,维修
BIKE00112,普通车,正常
BIKE00113,普通车,正常
BIKE00114,普通车,正常
BIKE00115,助力车,正常
BIKE00116,普通车,正常
BIKE00117,普通车,正常
BIKE00118,普通车,正常
BIKE00119,普通车,正常
BIKE00120,助力车,正常
BIKE00121,普通车,正常
BIKE00122,助力车,正常
BIKE00123,普通车,正常
BIKE00124,普通车,正常
BIKE00125,普通车,正常
BIKE00126,普通车,损坏
BIKE00127,普通车,正常
BIKE00128,普通车,维修
BIKE00129,普通车,正常
BIKE00130,助力车,正常
BIKE00131,普通车,正常
BIKE00132,助力车,正常
BIKE00133,普通车,正常
BIKE00134,普通车,正常
BIKE00135,普通车,正常
BIKE00136,普通车,正常
BIKE00137,普通车,正常
BIKE00138,普通车,正常
BIKE00139,普通车,正常
BIKE00140,普通车,正常
BIKE00141,普通车,正常
BIKE00142,普通车,正常
BIKE00143,普通车,维修
BIKE00144,助力车,正常
BIKE00145,普通车,正常
BIKE00146,助力车,正常
BIKE00147,助力车,正常
BIKE00148,助力车,正常
BIKE00149,普通车,维修
BIKE00150,助力车,正常
BIKE00151,普通车,正常
BIKE00152,普通车,正常
BIKE00153,普通车,正常
BIKE00154,普通车,正常
BIKE00155,助力车,正常
BIKE00156,普通车,正常
BIKE00157,普通车,正常
BIKE00158,普通车,正常
BIKE00159,普通车,正常
BIKE00160,普通车,正常
BIKE00161,普通车,正常
BIKE00162,助力车,正常
BIKE00163,助力车,正常
BIKE00164,普通车,正常
BIKE00165,普通车,正常
BIKE00166,普通车,正常
BIKE00167,普通车,正常
BIKE00168,普通车,正常
BIKE00169,普通车,正常
BIKE00170,普通车,正常
BIKE00171,普通车,正常
BIKE00172,普通车,正常
BIKE00173,普通车,维修
BIKE00174,普通车,正常
BIKE00175,普通车,正常
BIKE00176,助力车,正常
BIKE00177,普通车,正常
BIKE00178,普通车,正常
BIKE00179,助力车,正常
BIKE00180,普通车,正常
BIKE00181,助力车,正常
BIKE00182,助力车,正常
BIKE00183,普通车,正常
BIKE00184,助力车,正常
BIKE00185,助力车,正常
BIKE00186,普通车,正常
BIKE00187,普通车,正常
BIKE00188,普通车,正常
BIKE00189,普通车,正常
BIKE00190,普通车,正常
BIKE00191,普通车,正常
BIKE00192,助力车,正常
BIKE00193,助力车,正常
BIKE00194,普通车,正常
BIKE00195,普通车,维修
BIKE00196,普通车,正常
BIKE00197,普通车,正常
BIKE00198,普通车,正常
BIKE00199,助力车,正常
BIKE00200,普通车,正常
BIKE00201,普通车,正常
BIKE00202,助力车,正常
BIKE00203,普通车,正常
BIKE00204,普通车,正常
BIKE00205,普通车,正常
BIKE00206,普通车,正常
BIKE00207,助力车,正常
BIKE00208,普通车,正常
BIKE00209,普通车,正常
BIKE00210,助力车,正常
BIKE00211,普通车,正常
BIKE00212,普通车,正常
BIKE00213,普通车,正常
BIKE00214,普通车,正常
BIKE00215,助力车,维修
BIKE00216,普通车,正常
BIKE00217,普通车,正常
BIKE00218,普通车,正常
BIKE00219,普通车,正常
BIKE00220,普通车,正常
BIKE00221,普通车,正常
BIKE00222,普通车,正常
BIKE00223,助力车,损坏
BIKE00224,普通车,正常
BIKE00225,普通车,损坏
BIKE00226,助力车,正常
BIKE00227,普通车,正常
BIKE00228,普通车,正常
BIKE00229,普通车,正常
BIKE00230,普通车,正常
BIKE00231,普通车,正常
BIKE00232,普通车,正常
BIKE00233,助力车,正常
BIKE00234,普通车,正常
BIKE00235,普通车,正常
BIKE00236,普通车,正常
BIKE00237,普通车,正常
BIKE00238,助力车,正常
BIKE00239,普通车,正常
BIKE00240,助力车,正常
BIKE00241,普通车,正常
BIKE00242,普通车,正常
BIKE00243,助力车,正常
BIKE00244,普通车,损坏
BIKE00245,普通车,正常
BIKE00246,普通车,正常
BIKE00247,助力车,正常
BIKE00248,普通车,正常
BIKE00249,普通车,正常
BIKE00250,普通车,维修
BIKE00251,普通车,正常
BIKE00252,助力车,正常
BIKE00253,普通车,正常
BIKE00254,普通车,正常
BIKE00255,普通车,正常
BIKE00256,普通车,维修
BIKE00257,助力车,正常
BIKE00258,普通车,维修
BIKE00259,普通车,正常
BIKE00260,助力车,正常
BIKE00261,助力车,正常
BIKE00262,普通车,正常
BIKE00263,助力车,正常
BIKE00264,普通车,正常
BIKE00265,助力车,正常
BIKE00266,普通车,正常
BIKE00267,普通车,正常
BIKE00268,普通车,正常
BIKE00269,助力车,正常
BIKE00270,助力车,正常
BIKE00271,普通车,正常
BIKE00272,普通车,正常
BIKE00273,普通车,正常
BIKE00274,普通车,正常
BIKE00275,助力车,正常
BIKE00276,普通车,正常
BIKE00277,普通车,维修
BIKE00278,助力车,正常
BIKE00279,普通车,维修
BIKE00280,普通车,正常
BIKE00281,助力车,维修
BIKE00282,普通车,正常
BIKE00283,助力车,正常
BIKE00284,普通车,正常
BIKE00285,普通车,正常
BIKE00286,普通车,正常
BIKE00287,普通车,正常
BIKE00288,普通车,正常
BIKE00289,助力车,正常
BIKE00290,助力车,正常
BIKE00291,普通车,正常
BIKE00292,普通车,正常
BIKE00293,普通车,正常
BIKE00294,助力车,维修
BIKE00295,普通车,正常
BIKE00296,普通车,正常
BIKE00297,助力车,正常
BIKE00298,普通车,正常
BIKE00299,普通车,正常
BIKE00300,助力车,正常
BIKE00301,普通车,正常
BIKE00302,普通车,正常
BIKE00303,普通车,正常
BIKE00304,助力车,正常
BIKE00305,助力车,正常
BIKE00306,普通车,正常
BIKE00307,普通车,正常
BIKE00308,助力车,正常
BIKE00309,助力车,正常
BIKE00310,普通车,正常
BIKE00311,助力车,正常
BIKE00312,助力车,正常
BIKE00313,助力车,正常
BIKE00314,助力车,正常
BIKE00315,普通车,正常
BIKE00316,助力车,正常
BIKE00317,普通车,正常
BIKE00318,普通车,正常
BIKE00319,普通车,正常
BIKE00320,助力车,正常
BIKE00321,普通车,正常
BIKE00322,助力车,正常
BIKE00323,普通车,正常
BIKE00324,普通车,正常
BIKE00325,普通车,正常
BIKE00326,普通车,正常
BIKE00327,普通车,正常
BIKE00328,普通车,正常
BIKE00329,普通车,正常
BIKE00330,普通车,正常
BIKE00331,普通车,正常
BIKE00332,助力车,正常
BIKE00333,普通车,正常
BIKE00334,助力车,正常
BIKE00335,普通车,正常
BIKE00336,助力车,正常
BIKE00337,普通车,正常
BIKE00338,普通车,正常
BIKE00339,普通车,正常
BIKE00340,普通车,正常
BIKE00341,普通车,损坏
BIKE00342,助力车,损坏
BIKE00343,普通车,正常
BIKE00344,助力车,正常
BIKE00345,普通车,正常
BIKE00346,普通车,正常
BIKE00347,普通车,正常
BIKE00348,助力车,正常
BIKE00349,普通车,正常
BIKE00350,助力车,正常
BIKE00351,助力车,正常
BIKE00352,助力车,正常
BIKE00353,普通车,正常
BIKE00354,普通车,正常
BIKE00355,助力车,维修
BIKE00356,助力车,正常
BIKE00357,普通车,维修
BIKE00358,助力车,正常
BIKE00359,普通车,正常
BIKE00360,普通车,正常
BIKE00361,普通车,正常
BIKE00362,助力车,正常
BIKE00363,普通车,正常
BIKE00364,普通车,正常
BIKE00365,助力车,正常
BIKE00366,普通车,正常
BIKE00367,普通车,正常
BIKE00368,普通车,正常
BIKE00369,普通车,正常
BIKE00370,助力车,维修
BIKE00371,助力车,正常
BIKE00372,助力车,正常
BIKE00373,助力车,维修
BIKE00374,助力车,正常
BIKE00375,普通车,损坏
BIKE00376,助力车,正常
BIKE00377,普通车,正常
BIKE00378,普通车,正常
BIKE00379,普通车,损坏
BIKE00380,助力车,正常
BIKE00381,普通车,正常
BIKE00382,普通车,正常
BIKE00383,助力车,正常
BIKE00384,普通车,正常
BIKE00385,普通车,正常
BIKE00386,普通车,正常
BIKE00387,普通车,正常
BIKE00388,普通车,正常
BIKE00389,普通车,正常
BIKE00390,助力车,正常
BIKE00391,助力车,正常
BIKE00392,助力车,正常
BIKE00393,普通车,维修
BIKE00394,普通车,正常
BIKE00395,普通车,正常
BIKE00396,助力车,正常
BIKE00397,助力车,正常
BIKE00398,助力车,正常
BIKE00399,普通车,正常
BIKE00400,普通车,正常
BIKE00401,助力车,维修
BIKE00402,普通车,维修
BIKE00403,普通车,正常
BIKE00404,普通车,正常
BIKE00405,助力车,正常
BIKE00406,助力车,正常
BIKE00407,助力车,正常
BIKE00408,普通车,正常
BIKE00409,助力车,正常
BIKE00410,普通车,维修
BIKE00411,普通车,正常
BIKE00412,普通车,正常
BIKE00413,普通车,正常
BIKE00414,普通车,正常
BIKE00415,普通车,正常
BIKE00416,普通车,正常
BIKE00417,普通车,正常
BIKE00418,普通车,正常
BIKE00419,助力车,正常
BIKE00420,助力车,正常
BIKE00421,助力车,正常
BIKE00422,普通车,正常
BIKE00423,助力车,维修
BIKE00424,助力车,正常
BIKE00425,普通车,正常
BIKE00426,助力车,正常
BIKE00427,助力车,正常
BIKE00428,普通车,正常
BIKE00429,普通车,正常
BIKE00430,普通车,正常
BIKE00431,普通车,正常
BIKE00432,助力车,正常
BIKE00433,普通车,正常
BIKE00434,助力车,正常
BIKE00435,普通车,正常
BIKE00436,普通车,正常
BIKE00437,助力车,正常
BIKE00438,助力车,正常
BIKE00439,普通车,正常
BIKE00440,普通车,正常
BIKE00441,普通车,正常
BIKE00442,普通车,维修
BIKE00443,普通车,正常
BIKE00444,普通车,维修
BIKE00445,普通车,正常
BIKE00446,助力车,正常
BIKE00447,普通车,维修
BIKE00448,普通车,正常
BIKE00449,普通车,正常
BIKE00450,普通车,正常
BIKE00451,普通车,正常
BIKE00452,助力车,正常
BIKE00453,普通车,维修
BIKE00454,普通车,损坏
BIKE00455,普通车,正常
BIKE00456,普通车,维修
BIKE00457,助力车,正常
BIKE00458,普通车,正常
BIKE00459,助力车,正常
BIKE00460,普通车,正常
BIKE00461,普通车,正常
BIKE00462,普通车,维修
BIKE00463,普通车,正常
BIKE00464,普通车,正常
BIKE00465,普通车,正常
BIKE00466,普通车,正常
BIKE00467,普通车,正常
BIKE00468,普通车,正常
BIKE00469,助力车,正常
BIKE00470,普通车,正常
BIKE00471,普通车,正常
BIKE00472,普通车,正常
BIKE00473,助力车,正常
BIKE00474,普通车,正常
BIKE00475,普通车,正常
BIKE00476,普通车,正常
BIKE00477,普通车,正常
BIKE00478,助力车,正常
BIKE00479,普通车,正常
BIKE00480,普通车,正常
BIKE00481,普通车,正常
BIKE00482,普通车,正常
BIKE00483,普通车,正常
BIKE00484,普通车,正常
BIKE00485,助力车,正常
BIKE00486,普通车,正常
BIKE00487,助力车,正常
BIKE00488,助力车,正常
BIKE00489,普通车,正常
BIKE00490,普通车,正常
BIKE00491,助力车,正常
BIKE00492,助力车,正常
BIKE00493,普通车,正常
BIKE00494,普通车,正常
BIKE00495,助力车,正常
BIKE00496,助力车,正常
BIKE00497,普通车,正常
BIKE00498,普通车,正常
BIKE00499,普通车,维修
BIKE00500,普通车,正常
BIKE00501,普通车,正常
BIKE00502,普通车,正常
BIKE00503,普通车,正常
BIKE00504,助力车,正常
BIKE00505,普通车,正常
BIKE00506,普通车,正常
BIKE00507,普通车,正常
BIKE00508,普通车,正常
BIKE00509,普通车,正常
BIKE00510,普通车,正常
BIKE00511,普通车,正常
BIKE00512,普通车,维修
BIKE00513,普通车,正常
BIKE00514,助力车,正常
BIKE00515,助力车,正常
BIKE00516,普通车,正常
BIKE00517,普通车,正常
BIKE00518,普通车,正常
BIKE00519,普通车,维修
BIKE00520,助力车,正常
BIKE00521,助力车,正常
BIKE00522,普通车,正常
BIKE00523,普通车,正常
BIKE00524,普通车,正常
BIKE00525,普通车,正常
BIKE00526,普通车,正常
BIKE00527,助力车,正常
BIKE00528,普通车,正常
BIKE00529,普通车,正常
BIKE00530,普通车,正常
BIKE00531,普通车,正常
BIKE00532,普通车,正常
BIKE00533,普通车,正常
BIKE00534,普通车,正常
BIKE00535,普通车,正常
BIKE00536,助力车,正常
BIKE00537,普通车,维修
BIKE00538,普通车,维修
BIKE00539,普通车,维修
BIKE00540,助力车,正常
BIKE00541,助力车,正常
BIKE00542,普通车,正常
BIKE00543,普通车,正常
BIKE00544,助力车,正常
BIKE00545,普通车,正常
BIKE00546,助力车,正常
BIKE00547,助力车,维修
BIKE00548,助力车,正常
BIKE00549,普通车,正常
BIKE00550,普通车,正常
BIKE00551,普通车,正常
BIKE00552,普通车,正常
BIKE00553,普通车,正常
BIKE00554,普通车,正常
BIKE00555,普通车,正常
BIKE00556,普通车,正常
BIKE00557,普通车,正常
BIKE00558,普通车,正常
BIKE00559,助力车,正常
BIKE00560,助力车,正常
BIKE00561,助力车,正常
BIKE00562,普通车,正常
BIKE00563,普通车,正常
BIKE00564,普通车,维修
BIKE00565,助力车,正常
BIKE00566,普通车,维修
BIKE00567,普通车,正常
BIKE00568,普通车,正常
BIKE00569,普通车,正常
BIKE00570,普通车,维修
BIKE00571,普通车,正常
BIKE00572,普通车,正常
BIKE00573,普通车,正常
BIKE00574,助力车,正常
BIKE00575,助力车,正常
BIKE00576,助力车,正常
BIKE00577,普通车,正常
BIKE00578,普通车,正常
BIKE00579,助力车,正常
BIKE00580,普通车,正常
BIKE00581,助力车,正常
BIKE00582,普通车,正常
BIKE00583,助力车,正常
BIKE00584,助力车,维修
BIKE00585,助力车,正常
BIKE00586,普通车,正常
BIKE00587,普通车,正常
BIKE00588,普通车,正常
BIKE00589,普通车,正常
BIKE00590,助力车,正常
BIKE00591,普通车,正常
BIKE00592,普通车,正常
BIKE00593,助力车,正常
BIKE00594,助力车,正常
BIKE00595,普通车,正常
BIKE00596,助力车,正常
BIKE00597,普通车,正常
BIKE00598,普通车,正常
BIKE00599,普通车,正常
BIKE00600,助力车,正常
BIKE00601,助力车,正常
BIKE00602,普通车,正常
BIKE00603,普通车,正常
BIKE00604,助力车,正常
BIKE00605,助力车,正常
BIKE00606,普通车,维修
BIKE00607,普通车,正常
BIKE00608,普通车,正常
BIKE00609,普通车,正常
BIKE00610,普通车,正常
BIKE00611,普通车,正常
BIKE00612,普通车,正常
BIKE00613,助力车,正常
BIKE00614,普通车,正常
BIKE00615,普通车,维修
BIKE00616,普通车,维修
BIKE00617,普通车,正常
BIKE00618,助力车,正常
BIKE00619,普通车,正常
BIKE00620,助力车,正常
BIKE00621,助力车,正常
BIKE00622,助力车,维修
BIKE00623,普通车,正常
BIKE00624,助力车,正常
BIKE00625,普通车,正常
BIKE00626,助力车,正常
BIKE00627,普通车,正常
BIKE00628,助力车,正常
BIKE00629,普通车,正常
BIKE00630,普通车,正常
BIKE00631,助力车,正常
BIKE00632,普通车,正常
BIKE00633,普通车,正常
BIKE00634,普通车,正常
BIKE00635,普通车,正常
BIKE00636,普通车,正常
BIKE00637,普通车,正常
BIKE00638,助力车,正常
BIKE00639,普通车,正常
BIKE00640,普通车,正常
BIKE00641,普通车,正常
BIKE00642,普通车,正常
BIKE00643,普通车,正常
BIKE00644,普通车,损坏
BIKE00645,普通车,正常
BIKE00646,助力车,正常
BIKE00647,普通车,正常
BIKE00648,普通车,正常
BIKE00649,助力车,正常
BIKE00650,普通车,正常
BIKE00651,普通车,正常
BIKE00652,助力车,正常
BIKE00653,普通车,正常
BIKE00654,普通车,正常
BIKE00655,助力车,正常
BIKE00656,助力车,正常
BIKE00657,普通车,正常
BIKE00658,助力车,维修
BIKE00659,普通车,正常
BIKE00660,普通车,正常
BIKE00661,普通车,维修
BIKE00662,普通车,维修
BIKE00663,普通车,正常
BIKE00664,普通车,正常
BIKE00665,助力车,正常
BIKE00666,普通车,维修
BIKE00667,普通车,维修
BIKE00668,普通车,正常
BIKE00669,助力车,正常
BIKE00670,普通车,正常
BIKE00671,助力车,正常
BIKE00672,普通车,正常
BIKE00673,助力车,正常
BIKE00674,普通车,正常
BIKE00675,普通车,正常
BIKE00676,普通车,正常
BIKE00677,普通车,正常
BIKE00678,助力车,正常
BIKE00679,普通车,维修
BIKE00680,普通车,正常
BIKE00681,助力车,正常
BIKE00682,普通车,正常
BIKE00683,普通车,正常
BIKE00684,普通车,正常
BIKE00685,助力车,正常
BIKE00686,普通车,正常
BIKE00687,助力车,正常
BIKE00688,助力车,正常
BIKE00689,普通车,正常
BIKE00690,普通车,正常
BIKE00691,助力车,正常
BIKE00692,普通车,正常
BIKE00693,助力车,正常
BIKE00694,助力车,正常
BIKE00695,助力车,正常
BIKE00696,助力车,正常
BIKE00697,普通车,正常
BIKE00698,助力车,正常
BIKE00699,普通车,正常
BIKE00700,普通车,正常
BIKE00701,助力车,正常
BIKE00702,助力车,正常
BIKE00703,普通车,正常
BIKE00704,普通车,正常
BIKE00705,助力车,正常
BIKE00706,普通车,正常
BIKE00707,普通车,正常
BIKE00708,助力车,正常
BIKE00709,助力车,正常
BIKE00710,普通车,正常
BIKE00711,普通车,正常
BIKE00712,助力车,正常
BIKE00713,普通车,正常
BIKE00714,普通车,正常
BIKE00715,普通车,正常
BIKE00716,普通车,正常
BIKE00717,普通车,正常
BIKE00718,普通车,正常
BIKE00719,助力车,正常
BIKE00720,普通车,正常
BIKE00721,普通车,正常
BIKE00722,助力车,正常
BIKE00723,助力车,正常
BIKE00724,普通车,正常
BIKE00725,助力车,正常
BIKE00726,普通车,正常
BIKE00727,普通车,正常
BIKE00728,普通车,正常
BIKE00729,普通车,正常
BIKE00730,普通车,正常
BIKE00731,助力车,损坏
BIKE00732,普通车,维修
BIKE00733,普通车,维修
BIKE00734,普通车,正常
BIKE00735,普通车,正常
BIKE00736,普通车,正常
BIKE00737,普通车,正常
BIKE00738,普通车,正常
BIKE00739,助力车,正常
BIKE00740,助力车,维修
BIKE00741,普通车,正常
BIKE00742,普通车,正常
BIKE00743,普通车,正常
BIKE00744,普通车,正常
BIKE00745,普通车,正常
BIKE00746,普通车,正常
BIKE00747,普通车,正常
BIKE00748,普通车,正常
BIKE00749,普通车,正常
BIKE00750,普通车,正常
BIKE00751,助力车,正常
BIKE00752,助力车,正常
BIKE00753,普通车,维修
BIKE00754,普通车,正常
BIKE00755,普通车,正常
BIKE00756,普通车,正常
BIKE00757,助力车,正常
BIKE00758,普通车,正常
BIKE00759,普通车,正常
BIKE00760,普通车,正常
BIKE00761,普通车,正常
BIKE00762,普通车,正常
BIKE00763,普通车,正常
BIKE00764,助力车,正常
BIKE00765,普通车,正常
BIKE00766,普通车,正常
BIKE00767,普通车,正常
BIKE00768,助力车,维修
BIKE00769,普通车,正常
BIKE00770,普通车,正常
BIKE00771,普通车,正常
BIKE00772,助力车,正常
BIKE00773,助力车,正常
BIKE00774,普通车,正常
BIKE00775,普通车,正常
BIKE00776,普通车,正常
BIKE00777,普通车,正常
BIKE00778,普通车,正常
BIKE00779,普通车,正常
BIKE00780,普通车,正常
BIKE00781,助力车,正常
BIKE00782,普通车,正常
BIKE00783,普通车,正常
BIKE00784,助力车,正常
BIKE00785,普通车,正常
BIKE00786,普通车,维修
BIKE00787,普通车,正常
BIKE00788,普通车,正常
BIKE00789,助力车,正常
BIKE00790,助力车,正常
BIKE00791,普通车,正常
BIKE00792,助力车,正常
BIKE00793,普通车,正常
BIKE00794,普通车,正常
BIKE00795,助力车,维修
BIKE00796,普通车,正常
BIKE00797,助力车,正常
BIKE00798,助力车,正常
BIKE00799,普通车,正常
BIKE00800,普通车,正常
BIKE00801,普通车,正常
BIKE00802,助力车,正常
BIKE00803,助力车,正常
BIKE00804,普通车,正常
BIKE00805,普通车,正常
BIKE00806,助力车,正常
BIKE00807,普通车,正常
BIKE00808,普通车,正常
BIKE00809,普通车,正常
BIKE00810,助力车,正常
BIKE00811,助力车,正常
BIKE00812,普通车,正常
BIKE00813,普通车,正常
BIKE00814,助力车,正常
BIKE00815,普通车,正常
BIKE00816,普通车,正常
BIKE00817,普通车,正常
BIKE00818,普通车,正常
BIKE00819,普通车,正常
BIKE00820,助力车,正常
BIKE00821,普通车,正常
BIKE00822,普通车,正常
BIKE00823,助力车,损坏
BIKE00824,普通车,维修
BIKE00825,助力车,正常
BIKE00826,助力车,正常
BIKE00827,助力车,正常
BIKE00828,普通车,正常
BIKE00829,普通车,正常
BIKE00830,普通车,正常
BIKE00831,普通车,维修
BIKE00832,助力车,正常
BIKE00833,普通车,正常
BIKE00834,助力车,正常
BIKE00835,普通车,正常
BIKE00836,普通车,正常
BIKE00837,普通车,正常
BIKE00838,普通车,正常
BIKE00839,普通车,正常
BIKE00840,助力车,正常
BIKE00841,普通车,正常
BIKE00842,助力车,正常
BIKE00843,普通车,正常
BIKE00844,普通车,正常
BIKE00845,普通车,正常
BIKE00846,普通车,正常
BIKE00847,普通车,维修
BIKE00848,助力车,正常
BIKE00849,助力车,正常
BIKE00850,助力车,维修
BIKE00851,普通车,正常
BIKE00852,助力车,维修
BIKE00853,普通车,正常
BIKE00854,助力车,正常
BIKE00855,普通车,正常
BIKE00856,普通车,正常
BIKE00857,普通车,正常
BIKE00858,普通车,正常
BIKE00859,普通车,正常
BIKE00860,普通车,正常
BIKE00861,普通车,正常
BIKE00862,助力车,正常
BIKE00863,助力车,正常
BIKE00864,普通车,正常
BIKE00865,普通车,正常
BIKE00866,普通车,维修
BIKE00867,普通车,正常
BIKE00868,普通车,正常
BIKE00869,普通车,正常
BIKE00870,普通车,正常
BIKE00871,助力车,维修
BIKE00872,普通车,正常
BIKE00873,普通车,维修
BIKE00874,助力车,正常
BIKE00875,普通车,正常
BIKE00876,普通车,正常
BIKE00877,普通车,正常
BIKE00878,普通车,正常
BIKE00879,助力车,维修
BIKE00880,普通车,正常
BIKE00881,普通车,正常
BIKE00882,助力车,正常
BIKE00883,普通车,正常
BIKE00884,普通车,正常
BIKE00885,普通车,正常
BIKE00886,助力车,正常
BIKE00887,助力车,正常
BIKE00888,助力车,正常
BIKE00889,普通车,正常
BIKE00890,普通车,正常
BIKE00891,助力车,正常
BIKE00892,助力车,正常
BIKE00893,普通车,正常
BIKE00894,助力车,正常
BIKE00895,助力车,正常
BIKE00896,普通车,维修
BIKE00897,助力车,正常
BIKE00898,助力车,损坏
BIKE00899,助力车,正常
BIKE00900,助力车,正常
BIKE00901,普通车,正常
BIKE00902,普通车,正常
BIKE00903,普通车,正常
BIKE00904,普通车,正常
BIKE00905,普通车,正常
BIKE00906,普通车,正常
BIKE00907,助力车,正常
BIKE00908,普通车,正常
BIKE00909,普通车,正常
BIKE00910,助力车,正常
BIKE00911,普通车,维修
BIKE00912,普通车,正常
BIKE00913,普通车,正常
BIKE00914,助力车,正常
BIKE00915,普通车,正常
BIKE00916,助力车,正常
BIKE00917,普通车,正常
BIKE00918,普通车,正常
BIKE00919,助力车,维修
BIKE00920,普通车,正常
BIKE00921,助力车,正常
BIKE00922,助力车,正常
BIKE00923,普通车,正常
BIKE00924,助力车,正常
BIKE00925,助力车,正常
BIKE00926,助力车,正常
BIKE00927,普通车,正常
BIKE00928,普通车,正常
BIKE00929,助力车,正常
BIKE00930,普通车,正常
BIKE00931,助力车,正常
BIKE00932,普通车,正常
BIKE00933,普通车,正常
BIKE00934,普通车,维修
BIKE00935,普通车,正常
BIKE00936,助力车,正常
BIKE00937,普通车,正常
BIKE00938,普通车,正常
BIKE00939,普通车,正常
BIKE00940,普通车,正常
BIKE00941,助力车,正常
BIKE00942,普通车,正常
BIKE00943,普通车,正常
BIKE00944,普通车,正常
BIKE00945,普通车,正常
BIKE00946,普通车,正常
BIKE00947,普通车,正常
BIKE00948,助力车,正常
BIKE00949,助力车,正常
BIKE00950,普通车,正常
BIKE00951,普通车,正常
BIKE00952,普通车,正常
BIKE00953,助力车,正常
BIKE00954,助力车,正常
BIKE00955,普通车,正常
BIKE00956,普通车,正常
BIKE00957,助力车,正常
BIKE00958,普通车,正常
BIKE00959,助力车,正常
BIKE00960,助力车,正常
BIKE00961,普通车,正常
BIKE00962,普通车,正常
BIKE00963,助力车,正常
BIKE00964,助力车,正常
BIKE00965,普通车,正常
BIKE00966,普通车,正常
BIKE00967,普通车,正常
BIKE00968,普通车,正常
BIKE00969,普通车,正常
BIKE00970,助力车,损坏
BIKE00971,助力车,正常
BIKE00972,普通车,维修
BIKE00973,普通车,正常
BIKE00974,普通车,维修
BIKE00975,助力车,正常
BIKE00976,普通车,正常
BIKE00977,助力车,正常
BIKE00978,普通车,正常
BIKE00979,助力车,维修
BIKE00980,普通车,正常
BIKE00981,普通车,正常
BIKE00982,普通车,维修
BIKE00983,普通车,正常
BIKE00984,助力车,正常
BIKE00985,助力车,正常
BIKE00986,普通车,正常
BIKE00987,普通车,正常
BIKE00988,普通车,正常
BIKE00989,普通车,正常
BIKE00990,助力车,正常
BIKE00991,普通车,正常
BIKE00992,助力车,正常
BIKE00993,助力车,正常
BIKE00994,助力车,正常
BIKE00995,普通车,正常
BIKE00996,普通车,正常
BIKE00997,普通车,正常
BIKE00998,普通车,正常
BIKE00999,普通车,损坏
BIKE01000,助力车,正常
BIKE01001,助力车,正常
BIKE01002,普通车,正常
BIKE01003,普通车,正常
BIKE01004,助力车,正常
BIKE01005,助力车,正常
BIKE01006,助力车,正常
BIKE01007,助力车,正常
BIKE01008,普通车,正常
BIKE01009,助力车,正常
BIKE01010,普通车,正常
BIKE01011,助力车,正常
BIKE01012,助力车,正常
BIKE01013,普通车,正常
BIKE01014,普通车,正常
BIKE01015,普通车,正常
BIKE01016,助力车,正常
BIKE01017,普通车,正常
BIKE01018,普通车,维修
BIKE01019,普通车,正常
BIKE01020,助力车,正常
BIKE01021,普通车,正常
BIKE01022,助力车,正常
BIKE01023,普通车,正常
BIKE01024,助力车,正常
BIKE01025,普通车,正常
BIKE01026,普通车,正常
BIKE01027,普通车,正常
BIKE01028,助力车,正常
BIKE01029,助力车,正常
BIKE01030,普通车,正常
BIKE01031,普通车,维修
BIKE01032,普通车,正常
BIKE01033,普通车,正常
BIKE01034,普通车,正常
BIKE01035,普通车,正常
BIKE01036,助力车,正常
BIKE01037,普通车,正常
BIKE01038,普通车,正常
BIKE01039,助力车,正常
BIKE01040,普通车,正常
BIKE01041,普通车,正常
BIKE01042,普通车,正常
BIKE01043,普通车,正常
BIKE01044,普通车,损坏
BIKE01045,助力车,正常
BIKE01046,普通车,正常
BIKE01047,普通车,维修
BIKE01048,普通车,正常
BIKE01049,助力车,正常
BIKE01050,普通车,正常
BIKE01051,助力车,正常
BIKE01052,普通车,正常
BIKE01053,普通车,正常
BIKE01054,普通车,正常
BIKE01055,普通车,正常
BIKE01056,普通车,正常
BIKE01057,助力车,正常
BIKE01058,普通车,正常
BIKE01059,普通车,正常
BIKE01060,普通车,正常
BIKE01061,普通车,正常
BIKE01062,助力车,正常
BIKE01063,普通车,正常
BIKE01064,普通车,维修
BIKE01065,普通车,正常
BIKE01066,普通车,正常
BIKE01067,助力车,正常
BIKE01068,助力车,正常
BIKE01069,助力车,正常
BIKE01070,普通车,正常
BIKE01071,普通车,正常
BIKE01072,普通车,正常
BIKE01073,普通车,正常
BIKE01074,助力车,正常
BIKE01075,普通车,正常
BIKE01076,助力车,正常
BIKE01077,普通车,正常
BIKE01078,助力车,正常
BIKE01079,助力车,正常
BIKE01080,助力车,正常
BIKE01081,助力车,正常
BIKE01082,助力车,正常
BIKE01083,助力车,正常
BIKE01084,助力车,正常
BIKE01085,普通车,正常
BIKE01086,助力车,正常
BIKE01087,普通车,正常
BIKE01088,普通车,正常
BIKE01089,普通车,正常
BIKE01090,普通车,正常
BIKE01091,普通车,正常
BIKE01092,普通车,正常
BIKE01093,助力车,正常
BIKE01094,助力车,正常
BIKE01095,助力车,正常
BIKE01096,助力车,正常
BIKE01097,普通车,正常
BIKE01098,助力车,正常
BIKE01099,助力车,正常
BIKE01100,助力车,正常
BIKE01101,助力车,正常
BIKE01102,助力车,正常
BIKE01103,普通车,正常
BIKE01104,普通车,正常
BIKE01105,普通车,正常
BIKE01106,普通车,正常
BIKE01107,普通车,正常
BIKE01108,普通车,正常
BIKE01109,助力车,正常
BIKE01110,助力车,正常
BIKE01111,助力车,正常
BIKE01112,普通车,损坏
BIKE01113,普通车,正常
BIKE01114,助力车,正常
BIKE01115,普通车,正常
BIKE01116,普通车,正常
BIKE01117,普通车,正常
BIKE01118,普通车,正常
BIKE01119,普通车,正常
BIKE01120,普通车,正常
BIKE01121,普通车,正常
BIKE01122,普通车,正常
BIKE01123,普通车,正常
BIKE01124,普通车,维修
BIKE01125,助力车,正常
BIKE01126,普通车,维修
BIKE01127,普通车,正常
BIKE01128,助力车,正常
BIKE01129,普通车,正常
BIKE01130,助力车,正常
BIKE01131,助力车,维修
BIKE01132,普通车,正常
BIKE01133,普通车,正常
BIKE01134,普通车,正常
BIKE01135,助力车,正常
BIKE01136,普通车,正常
BIKE01137,助力车,正常
BIKE01138,普通车,正常
BIKE01139,普通车,正常
BIKE01140,助力车,正常
BIKE01141,助力车,正常
BIKE01142,普通车,维修
BIKE01143,普通车,正常
BIKE01144,普通车,正常
BIKE01145,普通车,正常
BIKE01146,普通车,正常
BIKE01147,普通车,正常
BIKE01148,普通车,正常
BIKE01149,普通车,正常
BIKE01150,助力车,正常
BIKE01151,普通车,正常
BIKE01152,普通车,正常
BIKE01153,助力车,正常
BIKE01154,助力车,正常
BIKE01155,助力车,正常
BIKE01156,助力车,正常
BIKE01157,普通车,正常
BIKE01158,普通车,正常
BIKE01159,助力车,正常
BIKE01160,助力车,正常
BIKE01161,普通车,正常
BIKE01162,普通车,正常
BIKE01163,普通车,正常
BIKE01164,普通车,正常
BIKE01165,普通车,正常
BIKE01166,普通车,正常
BIKE01167,助力车,正常
BIKE01168,普通车,正常
BIKE01169,普通车,正常
BIKE01170,普通车,正常
BIKE01171,助力车,正常
BIKE01172,助力车,正常
BIKE01173,普通车,正常
BIKE01174,普通车,正常
BIKE01175,普通车,正常
BIKE01176,助力车,正常
BIKE01177,助力车,正常
BIKE01178,普通车,正常
BIKE01179,普通车,正常
BIKE01180,普通车,正常
BIKE01181,普通车,正常
BIKE01182,普通车,正常
BIKE01183,普通车,正常
BIKE01184,普通车,正常
BIKE01185,助力车,正常
BIKE01186,普通车,正常
BIKE01187,助力车,正常
BIKE01188,普通车,损坏
BIKE01189,普通车,正常
BIKE01190,普通车,正常
BIKE01191,普通车,正常
BIKE01192,普通车,正常
BIKE01193,助力车,正常
BIKE01194,普通车,正常
BIKE01195,普通车,正常
BIKE01196,助力车,正常
BIKE01197,助力车,正常
BIKE01198,普通车,维修
BIKE01199,普通车,正常
BIKE01200,普通车,正常
BIKE01201,普通车,正常
BIKE01202,普通车,正常
BIKE01203,普通车,正常
BIKE01204,普通车,正常
BIKE01205,普通车,正常
BIKE01206,助力车,正常
BIKE01207,普通车,正常
BIKE01208,普通车,正常
BIKE01209,普通车,正常
BIKE01210,普通车,正常
BIKE01211,普通车,正常
BIKE01212,普通车,正常
BIKE01213,普通车,正常
BIKE01214,普通车,正常
BIKE01215,普通车,正常
BIKE01216,普通车,正常
BIKE01217,普通车,正常
BIKE01218,普通车,正常
BIKE01219,普通车,正常
BIKE01220,普通车,正常
BIKE01221,普通车,正常
BIKE01222,普通车,正常
BIKE01223,助力车,正常
BIKE01224,助力车,正常
BIKE01225,助力车,维修
BIKE01226,普通车,正常
BIKE01227,助力车,正常
BIKE01228,助力车,维修
BIKE01229,助力车,维修
BIKE01230,助力车,正常
BIKE01231,普通车,正常
BIKE01232,普通车,正常
BIKE01233,助力车,正常
BIKE01234,普通车,正常
BIKE01235,普通车,正常
BIKE01236,普通车,正常
BIKE01237,普通车,正常
BIKE01238,普通车,正常
BIKE01239,普通车,正常
BIKE01240,助力车,正常
BIKE01241,助力车,维修
BIKE01242,助力车,正常
BIKE01243,普通车,维修
BIKE01244,普通车,正常
BIKE01245,普通车,正常
BIKE01246,助力车,正常
BIKE01247,助力车,正常
BIKE01248,普通车,正常
BIKE01249,普通车,正常
BIKE01250,助力车,正常
BIKE01251,普通车,正常
BIKE01252,助力车,正常
BIKE01253,普通车,正常
BIKE01254,普通车,正常
BIKE01255,普通车,维修
BIKE01256,普通车,正常
BIKE01257,普通车,正常
BIKE01258,助力车,正常
BIKE01259,助力车,维修
BIKE01260,普通车,正常
BIKE01261,普通车,正常
BIKE01262,普通车,正常
BIKE01263,普通车,正常
BIKE01264,普通车,正常
BIKE01265,助力车,维修
BIKE01266,普通车,正常
BIKE01267,普通车,正常
BIKE01268,普通车,正常
BIKE01269,助力车,正常
BIKE01270,普通车,正常
BIKE01271,普通车,正常
BIKE01272,助力车,损坏
BIKE01273,助力车,正常
BIKE01274,普通车,维修
BIKE01275,助力车,正常
BIKE01276,普通车,正常
BIKE01277,助力车,正常
BIKE01278,助力车,正常
BIKE01279,助力车,维修
BIKE01280,助力车,正常
BIKE01281,普通车,正常
BIKE01282,普通车,正常
BIKE01283,普通车,正常
BIKE01284,普通车,正常
BIKE01285,普通车,正常
BIKE01286,助力车,正常
BIKE01287,助力车,正常
BIKE01288,助力车,正常
BIKE01289,普通车,正常
BIKE01290,助力车,正常
BIKE01291,普通车,正常
BIKE01292,普通车,维修
BIKE01293,普通车,正常
BIKE01294,普通车,正常
BIKE01295,普通车,正常
BIKE01296,普通车,正常
BIKE01297,普通车,正常
BIKE01298,助力车,维修
BIKE01299,普通车,正常
BIKE01300,普通车,维修
BIKE01301,普通车,正常
BIKE01302,助力车,正常
BIKE01303,助力车,正常
BIKE01304,普通车,正常
BIKE01305,助力车,正常
BIKE01306,普通车,正常
BIKE01307,普通车,正常
BIKE01308,助力车,正常
BIKE01309,助力车,正常
BIKE01310,普通车,正常
BIKE01311,普通车,正常
BIKE01312,普通车,正常
BIKE01313,普通车,正常
BIKE01314,助力车,正常
BIKE01315,助力车,正常
BIKE01316,普通车,正常
BIKE01317,助力车,正常
BIKE01318,普通车,损坏
BIKE01319,普通车,正常
BIKE01320,助力车,正常
BIKE01321,普通车,维修
BIKE01322,助力车,正常
BIKE01323,普通车,正常
BIKE01324,普通车,正常
BIKE01325,助力车,正常
BIKE01326,普通车,正常
BIKE01327,助力车,损坏
BIKE01328,助力车,正常
BIKE01329,助力车,正常
BIKE01330,助力车,正常
BIKE01331,助力车,正常
BIKE01332,普通车,维修
BIKE01333,助力车,正常
BIKE01334,助力车,正常
BIKE01335,助力车,维修
BIKE01336,普通车,正常
BIKE01337,助力车,正常
BIKE01338,普通车,正常
BIKE01339,助力车,正常
BIKE01340,普通车,正常
BIKE01341,普通车,正常
BIKE01342,普通车,正常
BIKE01343,普通车,正常
BIKE01344,普通车,正常
BIKE01345,助力车,正常
BIKE01346,普通车,正常
BIKE01347,普通车,正常
BIKE01348,助力车,正常
BIKE01349,普通车,正常
BIKE01350,助力车,正常
BIKE01351,普通车,维修
BIKE01352,助力车,正常
BIKE01353,普通车,正常
BIKE01354,助力车,正常
BIKE01355,普通车,正常
BIKE01356,助力车,正常
BIKE01357,助力车,正常
BIKE01358,普通车,正常
BIKE01359,普通车,正常
BIKE01360,普通车,正常
BIKE01361,普通车,损坏
BIKE01362,普通车,正常
BIKE01363,普通车,正常
BIKE01364,普通车,正常
BIKE01365,助力车,维修
BIKE01366,助力车,正常
BIKE01367,助力车,正常
BIKE01368,普通车,正常
BIKE01369,助力车,正常
BIKE01370,普通车,维修
BIKE01371,助力车,正常
BIKE01372,普通车,正常
BIKE01373,普通车,正常
BIKE01374,普通车,正常
BIKE01375,普通车,正常
BIKE01376,普通车,正常
BIKE01377,普通车,正常
BIKE01378,助力车,正常
BIKE01379,普通车,正常
BIKE01380,普通车,正常
BIKE01381,普通车,正常
BIKE01382,普通车,正常
BIKE01383,普通车,正常
BIKE01384,普通车,正常
BIKE01385,普通车,正常
BIKE01386,普通车,维修
BIKE01387,普通车,正常
BIKE01388,助力车,正常
BIKE01389,普通车,正常
BIKE01390,普通车,正常
BIKE01391,助力车,正常
BIKE01392,普通车,正常
BIKE01393,普通车,维修
BIKE01394,普通车,维修
BIKE01395,普通车,正常
BIKE01396,普通车,正常
BIKE01397,助力车,正常
BIKE01398,助力车,正常
BIKE01399,助力车,正常
BIKE01400,普通车,正常
BIKE01401,普通车,正常
BIKE01402,普通车,正常
BIKE01403,普通车,正常
BIKE01404,普通车,正常
BIKE01405,普通车,正常
BIKE01406,普通车,正常
BIKE01407,普通车,正常
BIKE01408,助力车,正常
BIKE01409,助力车,正常
BIKE01410,助力车,正常
BIKE01411,普通车,正常
BIKE01412,普通车,正常
BIKE01413,普通车,正常
BIKE01414,普通车,维修
BIKE01415,普通车,正常
BIKE01416,助力车,正常
BIKE01417,普通车,正常
BIKE01418,助力车,正常
BIKE01419,普通车,正常
BIKE01420,普通车,正常
BIKE01421,普通车,正常
BIKE01422,普通车,正常
BIKE01423,助力车,正常
BIKE01424,助力车,正常
BIKE01425,普通车,正常
BIKE01426,普通车,正常
BIKE01427,助力车,正常
BIKE01428,普通车,正常
BIKE01429,普通车,正常
BIKE01430,普通车,正常
BIKE01431,普通车,正常
BIKE01432,普通车,正常
BIKE01433,普通车,正常
BIKE01434,助力车,正常
BIKE01435,普通车,正常
BIKE01436,普通车,正常
BIKE01437,普通车,正常
BIKE01438,普通车,正常
BIKE01439,普通车,正常
BIKE01440,助力车,正常
BIKE01441,普通车,正常
BIKE01442,普通车,正常
BIKE01443,助力车,正常
BIKE01444,普通车,正常
BIKE01445,助力车,正常
BIKE01446,助力车,正常
BIKE01447,普通车,正常
BIKE01448,普通车,正常
BIKE01449,普通车,正常
BIKE01450,普通车,正常
BIKE01451,普通车,正常
BIKE01452,助力车,正常
BIKE01453,助力车,维修
BIKE01454,普通车,正常
BIKE01455,普通车,正常
BIKE01456,助力车,正常
BIKE01457,普通车,正常
BIKE01458,普通车,正常
BIKE01459,普通车,维修
BIKE01460,普通车,维修
BIKE01461,普通车,正常
BIKE01462,普通车,正常
BIKE01463,普通车,正常
BIKE01464,普通车,正常
BIKE01465,助力车,正常
BIKE01466,普通车,正常
BIKE01467,普通车,正常
BIKE01468,普通车,正常
BIKE01469,普通车,正常
BIKE01470,普通车,维修
BIKE01471,普通车,正常
BIKE01472,普通车,正常
BIKE01473,普通车,正常
BIKE01474,普通车,正常
BIKE01475,普通车,正常
BIKE01476,普通车,正常
BIKE01477,普通车,正常
BIKE01478,普通车,正常
BIKE01479,普通车,正常
BIKE01480,普通车,正常
BIKE01481,普通车,正常
BIKE01482,普通车,正常
BIKE01483,普通车,正常
BIKE01484,普通车,维修
BIKE01485,普通车,正常
BIKE01486,普通车,正常
BIKE01487,普通车,正常
BIKE01488,普通车,正常
BIKE01489,普通车,正常
BIKE01490,普通车,正常
BIKE01491,普通车,正常
BIKE01492,助力车,正常
BIKE01493,普通车,正常
BIKE01494,普通车,正常
BIKE01495,普通车,正常
BIKE01496,普通车,正常
BIKE01497,助力车,维修
BIKE01498,助力车,正常
BIKE01499,普通车,正常
BIKE01500,助力车,正常
BIKE01501,普通车,正常
BIKE01502,普通车,正常
BIKE01503,普通车,维修
BIKE01504,普通车,维修
BIKE01505,普通车,正常
BIKE01506,普通车,正常
BIKE01507,普通车,正常
BIKE01508,普通车,正常
BIKE01509,普通车,正常
BIKE01510,普通车,正常
BIKE01511,助力车,正常
BIKE01512,普通车,维修
BIKE01513,助力车,正常
BIKE01514,普通车,正常
BIKE01515,助力车,正常
BIKE01516,普通车,正常
BIKE01517,普通车,正常
BIKE01518,普通车,正常
BIKE01519,普通车,正常
BIKE01520,普通车,正常
BIKE01521,助力车,正常
BIKE01522,普通车,正常
BIKE01523,助力车,正常
BIKE01524,助力车,正常
BIKE01525,普通车,正常
BIKE01526,普通车,正常
BIKE01527,普通车,正常
BIKE01528,普通车,正常
BIKE01529,普通车,正常
BIKE01530,普通车,维修
BIKE01531,助力车,正常
BIKE01532,助力车,正常
BIKE01533,助力车,正常
BIKE01534,助力车,正常
BIKE01535,助力车,正常
BIKE01536,普通车,正常
BIKE01537,普通车,正常
BIKE01538,普通车,损坏
BIKE01539,普通车,正常
BIKE01540,助力车,正常
BIKE01541,普通车,正常
BIKE01542,普通车,正常
BIKE01543,普通车,维修
BIKE01544,普通车,正常
BIKE01545,普通车,正常
BIKE01546,普通车,正常
BIKE01547,普通车,正常
BIKE01548,普通车,正常
BIKE01549,普通车,正常
BIKE01550,助力车,正常
BIKE01551,助力车,正常
BIKE01552,普通车,正常
BIKE01553,普通车,正常
BIKE01554,普通车,正常
BIKE01555,普通车,正常
BIKE01556,普通车,正常
BIKE01557,助力车,正常
BIKE01558,普通车,正常
BIKE01559,普通车,正常
BIKE01560,普通车,正常
BIKE01561,普通车,正常
BIKE01562,助力车,正常
BIKE01563,普通车,正常
BIKE01564,助力车,正常
BIKE01565,普通车,正常
BIKE01566,普通车,正常
BIKE01567,普通车,维修
BIKE01568,普通车,正常
BIKE01569,普通车,正常
BIKE01570,普通车,正常
BIKE01571,普通车,正常
BIKE01572,助力车,正常
BIKE01573,普通车,正常
BIKE01574,普通车,正常
BIKE01575,助力车,正常
BIKE01576,助力车,正常
BIKE01577,助力车,正常
BIKE01578,助力车,正常
BIKE01579,普通车,正常
BIKE01580,普通车,正常
BIKE01581,助力车,正常
BIKE01582,助力车,正常
BIKE01583,普通车,正常
BIKE01584,普通车,正常
BIKE01585,助力车,正常
BIKE01586,普通车,正常
BIKE01587,普通车,正常
BIKE01588,普通车,损坏
BIKE01589,助力车,正常
BIKE01590,助力车,正常
BIKE01591,助力车,正常
BIKE01592,普通车,维修
BIKE01593,普通车,正常
BIKE01594,助力车,正常
BIKE01595,普通车,正常
BIKE01596,助力车,正常
BIKE01597,助力车,正常
BIKE01598,助力车,正常
BIKE01599,普通车,正常
BIKE01600,普通车,正常
BIKE01601,助力车,正常
BIKE01602,助力车,正常
BIKE01603,普通车,正常
BIKE01604,助力车,正常
BIKE01605,普通车,正常
BIKE01606,普通车,正常
BIKE01607,普通车,正常
BIKE01608,助力车,正常
BIKE01609,助力车,正常
BIKE01610,助力车,维修
BIKE01611,助力车,损坏
BIKE01612,普通车,维修
BIKE01613,助力车,正常
BIKE01614,普通车,维修
BIKE01615,普通车,正常
BIKE01616,普通车,正常
BIKE01617,普通车,正常
BIKE01618,普通车,正常
BIKE01619,助力车,正常
BIKE01620,普通车,正常
BIKE01621,助力车,正常
BIKE01622,普通车,正常
BIKE01623,助力车,正常
BIKE01624,普通车,正常
BIKE01625,普通车,正常
BIKE01626,普通车,正常
BIKE01627,普通车,正常
BIKE01628,助力车,维修
BIKE01629,普通车,正常
BIKE01630,助力车,正常
BIKE01631,普通车,正常
BIKE01632,普通车,正常
BIKE01633,助力车,正常
BIKE01634,普通车,正常
BIKE01635,普通车,正常
BIKE01636,普通车,正常
BIKE01637,助力车,正常
BIKE01638,普通车,正常
BIKE01639,助力车,正常
BIKE01640,助力车,正常
BIKE01641,助力车,正常
BIKE01642,普通车,正常
BIKE01643,普通车,正常
BIKE01644,普通车,正常
BIKE01645,助力车,正常
BIKE01646,助力车,正常
BIKE01647,助力车,正常
BIKE01648,助力车,正常
BIKE01649,普通车,正常
BIKE01650,普通车,正常
BIKE01651,普通车,正常
BIKE01652,普通车,正常
BIKE01653,普通车,正常
BIKE01654,普通车,正常
BIKE01655,助力车,正常
BIKE01656,普通车,正常
BIKE01657,普通车,正常
BIKE01658,助力车,正常
BIKE01659,助力车,正常
BIKE01660,普通车,正常
BIKE01661,助力车,维修
BIKE01662,助力车,正常
BIKE01663,普通车,正常
BIKE01664,助力车,正常
BIKE01665,助力车,正常
BIKE01666,普通车,正常
BIKE01667,普通车,正常
BIKE01668,助力车,正常
BIKE01669,普通车,正常
BIKE01670,普通车,正常
BIKE01671,普通车,正常
BIKE01672,普通车,正常
BIKE01673,助力车,正常
BIKE01674,助力车,正常
BIKE01675,普通车,正常
BIKE01676,助力车,正常
BIKE01677,普通车,正常
BIKE01678,普通车,正常
BIKE01679,普通车,正常
BIKE01680,普通车,正常
BIKE01681,普通车,正常
BIKE01682,普通车,正常
BIKE01683,普通车,正常
BIKE01684,普通车,正常
BIKE01685,助力车,损坏
BIKE01686,普通车,正常
BIKE01687,普通车,正常
BIKE01688,助力车,正常
BIKE01689,普通车,正常
BIKE01690,普通车,正常
BIKE01691,助力车,正常
BIKE01692,普通车,维修
BIKE01693,助力车,正常
BIKE01694,普通车,正常
BIKE01695,普通车,损坏
BIKE01696,普通车,正常
BIKE01697,普通车,正常
BIKE01698,普通车,维修
BIKE01699,助力车,正常
BIKE01700,普通车,正常
BIKE01701,普通车,正常
BIKE01702,普通车,正常
BIKE01703,助力车,正常
BIKE01704,普通车,正常
BIKE01705,普通车,正常
BIKE01706,助力车,正常
BIKE01707,普通车,维修
BIKE01708,助力车,正常
BIKE01709,普通车,正常
BIKE01710,普通车,正常
BIKE01711,助力车,正常
BIKE01712,助力车,正常
BIKE01713,普通车,正常
BIKE01714,助力车,正常
BIKE01715,普通车,正常
BIKE01716,助力车,正常
BIKE01717,普通车,维修
BIKE01718,普通车,正常
BIKE01719,助力车,正常
BIKE01720,普通车,正常
BIKE01721,助力车,正常
BIKE01722,普通车,正常
BIKE01723,普通车,正常
BIKE01724,普通车,正常
BIKE01725,普通车,正常
BIKE01726,普通车,维修
BIKE01727,助力车,正常
BIKE01728,助力车,正常
BIKE01729,普通车,正常
BIKE01730,助力车,正常
BIKE01731,普通车,正常
BIKE01732,普通车,正常
BIKE01733,普通车,正常
BIKE01734,助力车,正常
BIKE01735,普通车,正常
BIKE01736,助力车,正常
BIKE01737,助力车,正常
BIKE01738,普通车,正常
BIKE01739,助力车,维修
BIKE01740,普通车,正常
BIKE01741,助力车,正常
BIKE01742,普通车,正常
BIKE01743,普通车,正常
BIKE01744,助力车,正常
BIKE01745,普通车,正常
BIKE01746,助力车,正常
BIKE01747,助力车,正常
BIKE01748,助力车,正常
BIKE01749,普通车,维修
BIKE01750,普通车,正常
BIKE01751,普通车,正常
BIKE01752,普通车,正常
BIKE01753,普通车,正常
BIKE01754,普通车,正常
BIKE01755,普通车,正常
BIKE01756,普通车,正常
BIKE01757,助力车,正常
BIKE01758,普通车,损坏
BIKE01759,普通车,正常
BIKE01760,助力车,正常
BIKE01761,普通车,正常
BIKE01762,普通车,维修
BIKE01763,助力车,正常
BIKE01764,助力车,正常
BIKE01765,助力车,正常
BIKE01766,普通车,正常
BIKE01767,普通车,正常
BIKE01768,普通车,正常
BIKE01769,普通车,正常
BIKE01770,普通车,正常
BIKE01771,普通车,正常
BIKE01772,助力车,维修
BIKE01773,普通车,正常
BIKE01774,普通车,正常
BIKE01775,助力车,正常
BIKE01776,普通车,正常
BIKE01777,普通车,正常
BIKE01778,普通车,正常
BIKE01779,普通车,正常
BIKE01780,普通车,维修
BIKE01781,助力车,正常
BIKE01782,普通车,维修
BIKE01783,普通车,正常
BIKE01784,助力车,正常
BIKE01785,助力车,正常
BIKE01786,普通车,正常
BIKE01787,普通车,正常
BIKE01788,普通车,维修
BIKE01789,普通车,正常
BIKE01790,普通车,正常
BIKE01791,助力车,正常
BIKE01792,普通车,正常
BIKE01793,普通车,正常
BIKE01794,助力车,正常
BIKE01795,助力车,正常
BIKE01796,普通车,正常
BIKE01797,普通车,正常
BIKE01798,普通车,正常
BIKE01799,普通车,正常
BIKE01800,普通车,维修
BIKE01801,普通车,正常
BIKE01802,普通车,正常
BIKE01803,普通车,正常
BIKE01804,助力车,正常
BIKE01805,普通车,正常
BIKE01806,普通车,正常
BIKE01807,助力车,正常
BIKE01808,助力车,正常
BIKE01809,普通车,正常
BIKE01810,普通车,正常
BIKE01811,普通车,正常
BIKE01812,普通车,正常
BIKE01813,普通车,正常
BIKE01814,普通车,正常
BIKE01815,助力车,正常
BIKE01816,助力车,正常
BIKE01817,助力车,正常
BIKE01818,普通车,维修
BIKE01819,普通车,正常
BIKE01820,助力车,维修
BIKE01821,助力车,正常
BIKE01822,普通车,正常
BIKE01823,普通车,正常
BIKE01824,普通车,维修
BIKE01825,普通车,正常
BIKE01826,普通车,正常
BIKE01827,助力车,正常
BIKE01828,普通车,正常
BIKE01829,普通车,正常
BIKE01830,普通车,正常
BIKE01831,助力车,正常
BIKE01832,普通车,正常
BIKE01833,助力车,正常
BIKE01834,助力车,正常
BIKE01835,普通车,正常
BIKE01836,普通车,正常
BIKE01837,普通车,正常
BIKE01838,普通车,正常
BIKE01839,普通车,正常
BIKE01840,助力车,损坏
BIKE01841,普通车,正常
BIKE01842,普通车,正常
BIKE01843,助力车,正常
BIKE01844,助力车,正常
BIKE01845,普通车,正常
BIKE01846,普通车,正常
BIKE01847,普通车,正常
BIKE01848,助力车,正常
BIKE01849,助力车,正常
BIKE01850,助力车,正常
BIKE01851,普通车,正常
BIKE01852,普通车,正常
BIKE01853,助力车,正常
BIKE01854,普通车,正常
BIKE01855,助力车,正常
BIKE01856,普通车,正常
BIKE01857,助力车,正常
BIKE01858,普通车,正常
BIKE01859,普通车,正常
BIKE01860,普通车,正常
BIKE01861,普通车,损坏
BIKE01862,普通车,正常
BIKE01863,普通车,正常
BIKE01864,助力车,正常
BIKE01865,助力车,正常
BIKE01866,助力车,正常
BIKE01867,助力车,正常
BIKE01868,助力车,正常
BIKE01869,普通车,正常
BIKE01870,普通车,正常
BIKE01871,助力车,正常
BIKE01872,普通车,正常
BIKE01873,普通车,正常
BIKE01874,普通车,正常
BIKE01875,助力车,正常
BIKE01876,普通车,维修
BIKE01877,普通车,正常
BIKE01878,助力车,正常
BIKE01879,助力车,正常
BIKE01880,助力车,正常
BIKE01881,助力车,正常
BIKE01882,普通车,正常
BIKE01883,普通车,正常
BIKE01884,普通车,正常
BIKE01885,助力车,正常
BIKE01886,助力车,正常
BIKE01887,普通车,正常
BIKE01888,普通车,正常
BIKE01889,普通车,正常
BIKE01890,普通车,正常
BIKE01891,普通车,正常
BIKE01892,助力车,正常
BIKE01893,普通车,损坏
BIKE01894,普通车,正常
BIKE01895,助力车,损坏
BIKE01896,普通车,正常
BIKE01897,普通车,正常
BIKE01898,普通车,正常
BIKE01899,普通车,正常
BIKE01900,普通车,正常
BIKE01901,普通车,正常
BIKE01902,普通车,正常
BIKE01903,普通车,正常
BIKE01904,普通车,正常
BIKE01905,普通车,正常
BIKE01906,普通车,正常
BIKE01907,普通车,正常
BIKE01908,普通车,正常
BIKE01909,普通车,正常
BIKE01910,普通车,正常
BIKE01911,助力车,维修
BIKE01912,普通车,维修
BIKE01913,助力车,维修
BIKE01914,普通车,正常
BIKE01915,普通车,正常
BIKE01916,普通车,正常
BIKE01917,普通车,维修
BIKE01918,普通车,维修
BIKE01919,普通车,正常
BIKE01920,普通车,正常
BIKE01921,助力车,正常
BIKE01922,普通车,正常
BIKE01923,普通车,正常
BIKE01924,普通车,正常
BIKE01925,助力车,正常
BIKE01926,普通车,正常
BIKE01927,普通车,正常
BIKE01928,普通车,正常
BIKE01929,普通车,正常
BIKE01930,普通车,正常
BIKE01931,普通车,损坏
BIKE01932,普通车,正常
BIKE01933,普通车,正常
BIKE01934,普通车,正常
BIKE01935,普通车,正常
BIKE01936,普通车,正常
BIKE01937,普通车,正常
BIKE01938,普通车,正常
BIKE01939,普通车,正常
BIKE01940,普通车,正常
BIKE01941,助力车,正常
BIKE01942,助力车,正常
BIKE01943,普通车,正常
BIKE01944,普通车,正常
BIKE01945,普通车,正常
BIKE01946,助力车,正常
BIKE01947,助力车,正常
BIKE01948,普通车,正常
BIKE01949,普通车,正常
BIKE01950,助力车,正常
BIKE01951,助力车,正常
BIKE01952,普通车,正常
BIKE01953,普通车,正常
BIKE01954,助力车,正常
BIKE01955,助力车,正常
BIKE01956,普通车,正常
BIKE01957,普通车,正常
BIKE01958,普通车,正常
BIKE01959,助力车,正常
BIKE01960,助力车,正常
BIKE01961,助力车,正常
BIKE01962,普通车,正常
BIKE01963,普通车,正常
BIKE01964,普通车,维修
BIKE01965,助力车,正常
BIKE01966,助力车,正常
BIKE01967,普通车,正常
BIKE01968,助力车,正常
BIKE01969,普通车,正常
BIKE01970,普通车,正常
BIKE01971,普通车,正常
BIKE01972,普通车,正常
BIKE01973,普通车,正常
BIKE01974,助力车,正常
BIKE01975,普通车,正常
BIKE01976,普通车,正常
BIKE01977,助力车,正常
BIKE01978,助力车,正常
BIKE01979,普通车,维修
BIKE01980,助力车,正常
BIKE01981,普通车,正常
BIKE01982,普通车,正常
BIKE01983,普通车,正常
BIKE01984,普通车,正常
BIKE01985,普通车,正常
BIKE01986,普通车,维修
BIKE01987,普通车,正常
BIKE01988,普通车,正常
BIKE01989,普通车,正常
BIKE01990,普通车,正常
BIKE01991,普通车,正常
BIKE01992,助力车,正常
BIKE01993,普通车,损坏
BIKE01994,普通车,正常
BIKE01995,普通车,正常
BIKE01996,助力车,正常
BIKE01997,普通车,正常
BIKE01998,普通车,正常
BIKE01999,普通车,正常
BIKE02000,助力车,正常
BIKE02001,普通车,正常
BIKE02002,助力车,正常
BIKE02003,助力车,正常
BIKE02004,助力车,正常
BIKE02005,助力车,维修
BIKE02006,助力车,正常
BIKE02007,助力车,正常
BIKE02008,普通车,正常
BIKE02009,普通车,正常
BIKE02010,助力车,正常
BIKE02011,助力车,正常
BIKE02012,助力车,正常
BIKE02013,普通车,正常
BIKE02014,普通车,正常
BIKE02015,普通车,正常
BIKE02016,普通车,正常
BIKE02017,普通车,正常
BIKE02018,普通车,正常
BIKE02019,普通车,正常
BIKE02020,助力车,正常
BIKE02021,普通车,正常
BIKE02022,普通车,正常
BIKE02023,普通车,正常
BIKE02024,普通车,维修
BIKE02025,普通车,正常
BIKE02026,普通车,维修
BIKE02027,助力车,正常
BIKE02028,助力车,正常
BIKE02029,普通车,正常
BIKE02030,普通车,正常
BIKE02031,助力车,正常
BIKE02032,普通车,正常
BIKE02033,普通车,正常
BIKE02034,助力车,正常
BIKE02035,助力车,维修
BIKE02036,普通车,正常
BIKE02037,助力车,维修
BIKE02038,助力车,正常
BIKE02039,普通车,正常
BIKE02040,普通车,正常
BIKE02041,普通车,维修
BIKE02042,助力车,正常
BIKE02043,助力车,正常
BIKE02044,助力车,正常
BIKE02045,助力车,正常
BIKE02046,普通车,正常
BIKE02047,助力车,正常
BIKE02048,普通车,正常
BIKE02049,普通车,正常
BIKE02050,助力车,正常
BIKE02051,助力车,正常
BIKE02052,普通车,正常
BIKE02053,助力车,正常
BIKE02054,助力车,正常
BIKE02055,普通车,正常
BIKE02056,普通车,维修
BIKE02057,助力车,正常
BIKE02058,普通车,正常
BIKE02059,普通车,正常
BIKE02060,助力车,正常
BIKE02061,普通车,正常
BIKE02062,普通车,正常
BIKE02063,普通车,正常
BIKE02064,普通车,正常
BIKE02065,普通车,正常
BIKE02066,助力车,正常
BIKE02067,助力车,正常
BIKE02068,助力车,正常
BIKE02069,助力车,正常
BIKE02070,普通车,正常
BIKE02071,助力车,正常
BIKE02072,普通车,正常
BIKE02073,普通车,正常
BIKE02074,普通车,正常
BIKE02075,普通车,正常
BIKE02076,普通车,正常
BIKE02077,普通车,正常
BIKE02078,普通车,正常
BIKE02079,普通车,正常
BIKE02080,助力车,正常
BIKE02081,普通车,正常
BIKE02082,普通车,正常
BIKE02083,普通车,维修
BIKE02084,普通车,正常
BIKE02085,助力车,正常
BIKE02086,普通车,正常
BIKE02087,普通车,正常
BIKE02088,助力车,维修
BIKE02089,普通车,维修
BIKE02090,普通车,维修
BIKE02091,助力车,正常
BIKE02092,普通车,正常
BIKE02093,助力车,正常
BIKE02094,助力车,正常
BIKE02095,普通车,正常
BIKE02096,助力车,正常
BIKE02097,普通车,维修
BIKE02098,普通车,正常
BIKE02099,普通车,维修
BIKE02100,普通车,正常
BIKE02101,普通车,正常
BIKE02102,普通车,正常
BIKE02103,助力车,正常
BIKE02104,普通车,正常
BIKE02105,助力车,正常
BIKE02106,普通车,正常
BIKE02107,普通车,正常
BIKE02108,助力车,正常
BIKE02109,助力车,正常
BIKE02110,普通车,正常
BIKE02111,助力车,正常
BIKE02112,助力车,正常
BIKE02113,普通车,正常
BIKE02114,助力车,维修
BIKE02115,普通车,正常
BIKE02116,普通车,正常
BIKE02117,普通车,正常
BIKE02118,普通车,正常
BIKE02119,普通车,正常
BIKE02120,普通车,正常
BIKE02121,助力车,正常
BIKE02122,普通车,正常
BIKE02123,普通车,维修
BIKE02124,普通车,正常
BIKE02125,普通车,正常
BIKE02126,普通车,正常
BIKE02127,助力车,正常
BIKE02128,普通车,维修
BIKE02129,普通车,正常
BIKE02130,助力车,正常
BIKE02131,普通车,正常
BIKE02132,助力车,正常
BIKE02133,普通车,正常
BIKE02134,普通车,正常
BIKE02135,助力车,正常
BIKE02136,助力车,正常
BIKE02137,普通车,正常
BIKE02138,普通车,正常
BIKE02139,普通车,正常
BIKE02140,普通车,正常
BIKE02141,普通车,正常
BIKE02142,普通车,维修
BIKE02143,普通车,维修
BIKE02144,普通车,维修
BIKE02145,普通车,正常
BIKE02146,普通车,正常
BIKE02147,普通车,正常
BIKE02148,普通车,正常
BIKE02149,普通车,正常
BIKE02150,普通车,正常
BIKE02151,普通车,正常
BIKE02152,普通车,正常
BIKE02153,普通车,维修
BIKE02154,普通车,正常
BIKE02155,普通车,正常
BIKE02156,助力车,正常
BIKE02157,普通车,正常
BIKE02158,普通车,正常
BIKE02159,助力车,正常
BIKE02160,普通车,正常
BIKE02161,普通车,正常
BIKE02162,助力车,正常
BIKE02163,普通车,正常
BIKE02164,助力车,正常
BIKE02165,助力车,正常
BIKE02166,普通车,正常
BIKE02167,助力车,正常
BIKE02168,普通车,正常
BIKE02169,普通车,正常
BIKE02170,助力车,正常
BIKE02171,普通车,正常
BIKE02172,普通车,正常
BIKE02173,普通车,正常
BIKE02174,普通车,正常
BIKE02175,助力车,正常
BIKE02176,普通车,正常
BIKE02177,助力车,正常
BIKE02178,普通车,正常
BIKE02179,普通车,正常
BIKE02180,助力车,正常
BIKE02181,助力车,正常
BIKE02182,普通车,正常
BIKE02183,助力车,正常
BIKE02184,普通车,正常
BIKE02185,助力车,正常
BIKE02186,普通车,正常
BIKE02187,普通车,维修
BIKE02188,助力车,正常
BIKE02189,普通车,正常
BIKE02190,普通车,损坏
BIKE02191,助力车,正常
BIKE02192,普通车,正常
BIKE02193,助力车,正常
BIKE02194,助力车,正常
BIKE02195,普通车,正常
BIKE02196,助力车,正常
BIKE02197,助力车,正常
BIKE02198,助力车,正常
BIKE02199,普通车,正常
BIKE02200,助力车,正常
BIKE02201,普通车,正常
BIKE02202,助力车,正常
BIKE02203,普通车,正常
BIKE02204,普通车,正常
BIKE02205,普通车,正常
BIKE02206,普通车,正常
BIKE02207,普通车,维修
BIKE02208,普通车,正常
BIKE02209,普通车,正常
BIKE02210,普通车,正常
BIKE02211,助力车,正常
BIKE02212,普通车,正常
BIKE02213,普通车,维修
BIKE02214,普通车,正常
BIKE02215,助力车,正常
BIKE02216,普通车,正常
BIKE02217,助力车,正常
BIKE02218,普通车,正常
BIKE02219,普通车,正常
BIKE02220,普通车,正常
BIKE02221,助力车,维修
BIKE02222,普通车,正常
BIKE02223,普通车,维修
BIKE02224,普通车,正常
BIKE02225,普通车,正常
BIKE02226,普通车,维修
BIKE02227,助力车,正常
BIKE02228,普通车,正常
BIKE02229,普通车,维修
BIKE02230,普通车,正常
BIKE02231,助力车,正常
BIKE02232,普通车,正常
BIKE02233,助力车,正常
BIKE02234,助力车,正常
BIKE02235,普通车,正常
BIKE02236,普通车,正常
BIKE02237,普通车,正常
BIKE02238,普通车,正常
BIKE02239,普通车,正常
BIKE02240,普通车,正常
BIKE02241,普通车,正常
BIKE02242,普通车,正常
BIKE02243,普通车,正常
BIKE02244,助力车,正常
BIKE02245,普通车,正常
BIKE02246,普通车,正常
BIKE02247,普通车,正常
BIKE02248,助力车,正常
BIKE02249,普通车,正常
BIKE02250,普通车,正常
BIKE02251,普通车,维修
BIKE02252,普通车,正常
BIKE02253,普通车,正常
BIKE02254,普通车,正常
BIKE02255,普通车,正常
BIKE02256,助力车,正常
BIKE02257,普通车,正常
BIKE02258,普通车,维修
BIKE02259,普通车,正常
BIKE02260,普通车,正常
BIKE02261,普通车,正常
BIKE02262,普通车,正常
BIKE02263,普通车,正常
BIKE02264,普通车,正常
BIKE02265,普通车,正常
BIKE02266,普通车,正常
BIKE02267,助力车,正常
BIKE02268,助力车,正常
BIKE02269,助力车,正常
BIKE02270,助力车,正常
BIKE02271,普通车,正常
BIKE02272,普通车,正常
BIKE02273,普通车,正常
BIKE02274,助力车,正常
BIKE02275,普通车,正常
BIKE02276,助力车,正常
BIKE02277,普通车,维修
BIKE02278,助力车,损坏
BIKE02279,助力车,正常
BIKE02280,普通车,维修
BIKE02281,助力车,正常
BIKE02282,普通车,正常
BIKE02283,助力车,正常
BIKE02284,普通车,正常
BIKE02285,助力车,维修
BIKE02286,助力车,正常
BIKE02287,普通车,正常
BIKE02288,普通车,正常
BIKE02289,普通车,正常
BIKE02290,助力车,维修
BIKE02291,普通车,正常
BIKE02292,普通车,正常
BIKE02293,助力车,正常
BIKE02294,助力车,维修
BIKE02295,普通车,正常
BIKE02296,普通车,正常
BIKE02297,普通车,正常
BIKE02298,普通车,正常
BIKE02299,普通车,正常
BIKE02300,普通车,正常
BIKE02301,普通车,正常
BIKE02302,助力车,正常
BIKE02303,普通车,正常
BIKE02304,普通车,正常
BIKE02305,普通车,正常
BIKE02306,普通车,正常
BIKE02307,助力车,正常
BIKE02308,普通车,正常
BIKE02309,普通车,正常
BIKE02310,普通车,正常
BIKE02311,普通车,损坏
BIKE02312,助力车,正常
BIKE02313,助力车,正常
BIKE02314,助力车,正常
BIKE02315,普通车,损坏
BIKE02316,普通车,正常
BIKE02317,普通车,正常
BIKE02318,助力车,正常
BIKE02319,普通车,正常
BIKE02320,普通车,维修
BIKE02321,助力车,正常
BIKE02322,助力车,正常
BIKE02323,普通车,正常
BIKE02324,普通车,正常
BIKE02325,普通车,正常
BIKE02326,助力车,正常
BIKE02327,助力车,正常
BIKE02328,助力车,正常
BIKE02329,普通车,正常
BIKE02330,助力车,正常
BIKE02331,助力车,正常
BIKE02332,普通车,正常
BIKE02333,普通车,正常
BIKE02334,普通车,损坏
BIKE02335,助力车,正常
BIKE02336,助力车,正常
BIKE02337,普通车,正常
BIKE02338,助力车,正常
BIKE02339,普通车,正常
BIKE02340,普通车,正常
BIKE02341,助力车,维修
BIKE02342,普通车,正常
BIKE02343,普通车,正常
BIKE02344,助力车,正常
BIKE02345,普通车,损坏
BIKE02346,普通车,正常
BIKE02347,普通车,正常
BIKE02348,普通车,正常
BIKE02349,普通车,正常
BIKE02350,普通车,正常
BIKE02351,普通车,正常
BIKE02352,普通车,正常
BIKE02353,助力车,维修
BIKE02354,普通车,正常
BIKE02355,助力车,正常
BIKE02356,普通车,正常
BIKE02357,普通车,维修
BIKE02358,助力车,正常
BIKE02359,普通车,正常
BIKE02360,助力车,正常
BIKE02361,助力车,正常
BIKE02362,普通车,维修
BIKE02363,助力车,正常
BIKE02364,助力车,维修
BIKE02365,普通车,正常
BIKE02366,普通车,正常
BIKE02367,助力车,正常
BIKE02368,助力车,正常
BIKE02369,普通车,正常
BIKE02370,普通车,正常
BIKE02371,普通车,正常
BIKE02372,普通车,正常
BIKE02373,普通车,正常
BIKE02374,助力车,维修
BIKE02375,普通车,正常
BIKE02376,普通车,正常
BIKE02377,普通车,正常
BIKE02378,普通车,正常
BIKE02379,普通车,正常
BIKE02380,助力车,正常
BIKE02381,普通车,正常
BIKE02382,助力车,正常
BIKE02383,普通车,正常
BIKE02384,普通车,正常
BIKE02385,普通车,正常
BIKE02386,助力车,正常
BIKE02387,普通车,正常
BIKE02388,助力车,正常
BIKE02389,助力车,正常
BIKE02390,普通车,正常
BIKE02391,普通车,正常
BIKE02392,普通车,正常
BIKE02393,普通车,正常
BIKE02394,助力车,正常
BIKE02395,普通车,正常
BIKE02396,助力车,正常
BIKE02397,普通车,正常
BIKE02398,普通车,正常
BIKE02399,助力车,正常
BIKE02400,普通车,正常
BIKE02401,普通车,正常
BIKE02402,助力车,正常
BIKE02403,助力车,正常
BIKE02404,普通车,正常
BIKE02405,普通车,正常
BIKE02406,助力车,正常
BIKE02407,普通车,正常
BIKE02408,助力车,正常
BIKE02409,普通车,正常
BIKE02410,助力车,正常
BIKE02411,普通车,维修
BIKE02412,助力车,正常
BIKE02413,普通车,正常
BIKE02414,助力车,正常
BIKE02415,普通车,正常
BIKE02416,普通车,正常
BIKE02417,普通车,正常
BIKE02418,助力车,正常
BIKE02419,普通车,正常
BIKE02420,普通车,正常
BIKE02421,助力车,正常
BIKE02422,助力车,正常
BIKE02423,普通车,正常
BIKE02424,普通车,正常
BIKE02425,普通车,正常
BIKE02426,普通车,正常
BIKE02427,助力车,正常
BIKE02428,普通车,正常
BIKE02429,助力车,正常
BIKE02430,普通车,正常
BIKE02431,助力车,正常
BIKE02432,普通车,损坏
BIKE02433,普通车,正常
BIKE02434,助力车,正常
BIKE02435,助力车,正常
BIKE02436,普通车,正常
BIKE02437,助力车,正常
BIKE02438,普通车,正常
BIKE02439,普通车,正常
BIKE02440,普通车,正常
BIKE02441,普通车,正常
BIKE02442,助力车,正常
BIKE02443,普通车,正常
BIKE02444,普通车,正常
BIKE02445,普通车,维修
BIKE02446,普通车,正常
BIKE02447,助力车,维修
BIKE02448,普通车,正常
BIKE02449,助力车,正常
BIKE02450,普通车,损坏
BIKE02451,助力车,正常
BIKE02452,普通车,正常
BIKE02453,普通车,正常
BIKE02454,助力车,正常
BIKE02455,普通车,正常
BIKE02456,普通车,正常
BIKE02457,助力车,正常
BIKE02458,普通车,正常
BIKE02459,普通车,维修
BIKE02460,助力车,正常
BIKE02461,普通车,正常
BIKE02462,普通车,正常
BIKE02463,普通车,正常
BIKE02464,普通车,正常
BIKE02465,普通车,正常
BIKE02466,助力车,正常
BIKE02467,普通车,正常
BIKE02468,助力车,正常
BIKE02469,普通车,正常
BIKE02470,助力车,正常
BIKE02471,普通车,维修
BIKE02472,普通车,正常
BIKE02473,普通车,正常
BIKE02474,普通车,正常
BIKE02475,普通车,正常
BIKE02476,助力车,正常
BIKE02477,普通车,正常
BIKE02478,助力车,正常
BIKE02479,普通车,正常
BIKE02480,普通车,正常
BIKE02481,普通车,正常
BIKE02482,普通车,正常
BIKE02483,普通车,正常
BIKE02484,普通车,正常
BIKE02485,助力车,正常
BIKE02486,普通车,正常
BIKE02487,普通车,正常
BIKE02488,助力车,正常
BIKE02489,普通车,正常
BIKE02490,助力车,正常
BIKE02491,普通车,正常
BIKE02492,助力车,正常
BIKE02493,普通车,正常
BIKE02494,普通车,正常
BIKE02495,普通车,正常
BIKE02496,普通车,正常
BIKE02497,普通车,正常
BIKE02498,普通车,正常
BIKE02499,助力车,正常
BIKE02500,普通车,正常
BIKE02501,普通车,正常
BIKE02502,普通车,正常
BIKE02503,普通车,正常
BIKE02504,普通车,维修
BIKE02505,普通车,正常
BIKE02506,普通车,正常
BIKE02507,普通车,正常
BIKE02508,普通车,正常
BIKE02509,普通车,正常
BIKE02510,普通车,正常
BIKE02511,助力车,正常
BIKE02512,普通车,正常
BIKE02513,助力车,正常
BIKE02514,普通车,正常
BIKE02515,普通车,正常
BIKE02516,普通车,正常
BIKE02517,普通车,正常
BIKE02518,普通车,正常
BIKE02519,普通车,正常
BIKE02520,普通车,正常
BIKE02521,普通车,正常
BIKE02522,助力车,正常
BIKE02523,普通车,正常
BIKE02524,普通车,正常
BIKE02525,普通车,维修
BIKE02526,普通车,正常
BIKE02527,普通车,正常
BIKE02528,助力车,正常
BIKE02529,助力车,正常
BIKE02530,普通车,正常
BIKE02531,普通车,正常
BIKE02532,助力车,正常
BIKE02533,普通车,正常
BIKE02534,普通车,维修
BIKE02535,普通车,正常
BIKE02536,普通车,正常
BIKE02537,普通车,维修
BIKE02538,普通车,正常
BIKE02539,普通车,正常
BIKE02540,普通车,正常
BIKE02541,普通车,正常
BIKE02542,普通车,正常
BIKE02543,助力车,正常
BIKE02544,助力车,正常
BIKE02545,普通车,损坏
BIKE02546,普通车,正常
BIKE02547,普通车,正常
BIKE02548,普通车,正常
BIKE02549,助力车,正常
BIKE02550,普通车,正常
BIKE02551,普通车,正常
BIKE02552,普通车,正常
BIKE02553,助力车,正常
BIKE02554,助力车,正常
BIKE02555,普通车,正常
BIKE02556,普通车,正常
BIKE02557,助力车,正常
BIKE02558,普通车,正常
BIKE02559,普通车,正常
BIKE02560,普通车,正常
BIKE02561,助力车,正常
BIKE02562,普通车,正常
BIKE02563,普通车,正常
BIKE02564,普通车,正常
BIKE02565,普通车,正常
BIKE02566,助力车,正常
BIKE02567,助力车,正常
BIKE02568,普通车,维修
BIKE02569,普通车,正常
BIKE02570,助力车,正常
BIKE02571,普通车,正常
BIKE02572,助力车,正常
BIKE02573,普通车,正常
BIKE02574,普通车,正常
BIKE02575,助力车,正常
BIKE02576,普通车,维修
BIKE02577,普通车,正常
BIKE02578,普通车,维修
BIKE02579,助力车,正常
BIKE02580,助力车,正常
BIKE02581,普通车,正常
BIKE02582,普通车,正常
BIKE02583,助力车,正常
BIKE02584,普通车,正常
BIKE02585,普通车,正常
BIKE02586,普通车,正常
BIKE02587,助力车,正常
BIKE02588,普通车,正常
BIKE02589,普通车,正常
BIKE02590,助力车,正常
BIKE02591,普通车,维修
BIKE02592,普通车,正常
BIKE02593,普通车,正常
BIKE02594,助力车,正常
BIKE02595,普通车,正常
BIKE02596,普通车,正常
BIKE02597,助力车,正常
BIKE02598,普通车,正常
BIKE02599,普通车,正常
BIKE02600,助力车,正常
BIKE02601,普通车,正常
BIKE02602,普通车,正常
BIKE02603,普通车,正常
BIKE02604,普通车,维修
BIKE02605,普通车,正常
BIKE02606,助力车,正常
BIKE02607,助力车,正常
BIKE02608,普通车,正常
BIKE02609,普通车,正常
BIKE02610,助力车,正常
BIKE02611,普通车,损坏
BIKE02612,普通车,维修
BIKE02613,普通车,正常
BIKE02614,助力车,正常
BIKE02615,普通车,正常
BIKE02616,普通车,正常
BIKE02617,普通车,正常
BIKE02618,普通车,正常
BIKE02619,助力车,正常
BIKE02620,普通车,正常
BIKE02621,普通车,正常
BIKE02622,普通车,正常
BIKE02623,普通车,正常
BIKE02624,普通车,正常
BIKE02625,普通车,正常
BIKE02626,助力车,正常
BIKE02627,普通车,正常
BIKE02628,助力车,维修
BIKE02629,普通车,正常
BIKE02630,普通车,正常
BIKE02631,普通车,正常
BIKE02632,普通车,正常
BIKE02633,助力车,正常
BIKE02634,普通车,正常
BIKE02635,普通车,维修
BIKE02636,普通车,正常
BIKE02637,普通车,维修
BIKE02638,普通车,正常
BIKE02639,普通车,正常
BIKE02640,普通车,正常
BIKE02641,普通车,正常
BIKE02642,助力车,正常
BIKE02643,普通车,正常
BIKE02644,普通车,维修
BIKE02645,助力车,维修
BIKE02646,普通车,正常
BIKE02647,普通车,正常
BIKE02648,助力车,正常
BIKE02649,助力车,正常
BIKE02650,普通车,正常
BIKE02651,普通车,正常
BIKE02652,普通车,正常
BIKE02653,普通车,正常
BIKE02654,助力车,正常
BIKE02655,普通车,维修
BIKE02656,普通车,正常
BIKE02657,助力车,维修
BIKE02658,助力车,正常
BIKE02659,助力车,正常
BIKE02660,普通车,正常
BIKE02661,普通车,正常
BIKE02662,普通车,损坏
BIKE02663,普通车,损坏
BIKE02664,普通车,维修
BIKE02665,助力车,正常
BIKE02666,普通车,正常
BIKE02667,普通车,正常
BIKE02668,普通车,正常
BIKE02669,普通车,正常
BIKE02670,助力车,正常
BIKE02671,助力车,维修
BIKE02672,普通车,正常
BIKE02673,普通车,正常
BIKE02674,助力车,正常
BIKE02675,助力车,正常
BIKE02676,助力车,正常
BIKE02677,助力车,正常
BIKE02678,助力车,正常
BIKE02679,普通车,正常
BIKE02680,助力车,正常
BIKE02681,普通车,正常
BIKE02682,普通车,正常
BIKE02683,助力车,正常
BIKE02684,普通车,正常
BIKE02685,助力车,正常
BIKE02686,助力车,维修
BIKE02687,普通车,正常
BIKE02688,助力车,正常
BIKE02689,普通车,正常
BIKE02690,普通车,正常
BIKE02691,助力车,正常
BIKE02692,普通车,正常
BIKE02693,普通车,正常
BIKE02694,助力车,正常
BIKE02695,助力车,正常
BIKE02696,普通车,正常
BIKE02697,普通车,正常
BIKE02698,普通车,正常
BIKE02699,普通车,维修
BIKE02700,普通车,维修
BIKE02701,普通车,维修
BIKE02702,普通车,正常
BIKE02703,普通车,正常
BIKE02704,普通车,正常
BIKE02705,助力车,维修
BIKE02706,普通车,正常
BIKE02707,普通车,维修
BIKE02708,普通车,正常
BIKE02709,普通车,正常
BIKE02710,普通车,正常
BIKE02711,助力车,正常
BIKE02712,普通车,正常
BIKE02713,普通车,正常
BIKE02714,普通车,正常
BIKE02715,普通车,正常
BIKE02716,普通车,正常
BIKE02717,助力车,正常
BIKE02718,普通车,正常
BIKE02719,助力车,正常
BIKE02720,助力车,正常
BIKE02721,普通车,正常
BIKE02722,普通车,维修
BIKE02723,普通车,正常
BIKE02724,普通车,正常
BIKE02725,助力车,正常
BIKE02726,普通车,正常
BIKE02727,普通车,正常
BIKE02728,普通车,正常
BIKE02729,助力车,正常
BIKE02730,普通车,正常
BIKE02731,助力车,正常
BIKE02732,普通车,正常
BIKE02733,普通车,正常
BIKE02734,助力车,正常
BIKE02735,助力车,正常
BIKE02736,普通车,正常
BIKE02737,普通车,正常
BIKE02738,普通车,维修
BIKE02739,助力车,维修
BIKE02740,普通车,正常
BIKE02741,普通车,正常
BIKE02742,普通车,正常
BIKE02743,助力车,正常
BIKE02744,助力车,正常
BIKE02745,普通车,正常
BIKE02746,助力车,正常
BIKE02747,普通车,正常
BIKE02748,助力车,正常
BIKE02749,普通车,正常
BIKE02750,助力车,正常
BIKE02751,普通车,正常
BIKE02752,助力车,维修
BIKE02753,助力车,正常
BIKE02754,助力车,正常
BIKE02755,普通车,正常
BIKE02756,普通车,正常
BIKE02757,普通车,正常
BIKE02758,助力车,正常
BIKE02759,普通车,正常
BIKE02760,普通车,维修
BIKE02761,普通车,正常
BIKE02762,普通车,正常
BIKE02763,助力车,维修
BIKE02764,普通车,维修
BIKE02765,普通车,正常
BIKE02766,普通车,正常
BIKE02767,助力车,正常
BIKE02768,普通车,正常
BIKE02769,普通车,维修
BIKE02770,普通车,损坏
BIKE02771,助力车,损坏
BIKE02772,普通车,正常
BIKE02773,普通车,正常
BIKE02774,助力车,正常
BIKE02775,助力车,正常
BIKE02776,普通车,正常
BIKE02777,普通车,维修
BIKE02778,普通车,正常
BIKE02779,普通车,正常
BIKE02780,普通车,正常
BIKE02781,普通车,正常
BIKE02782,普通车,正常
BIKE02783,普通车,正常
BIKE02784,普通车,正常
BIKE02785,普通车,正常
BIKE02786,普通车,正常
BIKE02787,普通车,正常
BIKE02788,普通车,正常
BIKE02789,普通车,正常
BIKE02790,普通车,正常
BIKE02791,普通车,正常
BIKE02792,助力车,正常
BIKE02793,普通车,正常
BIKE02794,普通车,正常
BIKE02795,普通车,正常
BIKE02796,普通车,正常
BIKE02797,普通车,正常
BIKE02798,普通车,正常
BIKE02799,普通车,正常
BIKE02800,普通车,正常
BIKE02801,普通车,正常
BIKE02802,普通车,正常
BIKE02803,助力车,正常
BIKE02804,普通车,正常
BIKE02805,普通车,维修
BIKE02806,普通车,正常
BIKE02807,普通车,正常
BIKE02808,普通车,正常
BIKE02809,助力车,正常
BIKE02810,普通车,正常
BIKE02811,助力车,正常
BIKE02812,普通车,正常
BIKE02813,助力车,正常
BIKE02814,普通车,正常
BIKE02815,普通车,正常
BIKE02816,普通车,正常
BIKE02817,助力车,维修
BIKE02818,助力车,正常
BIKE02819,普通车,正常
BIKE02820,普通车,正常
BIKE02821,普通车,正常
BIKE02822,普通车,正常
BIKE02823,普通车,正常
BIKE02824,普通车,正常
BIKE02825,普通车,正常
BIKE02826,普通车,正常
BIKE02827,普通车,正常
BIKE02828,助力车,正常
BIKE02829,普通车,正常
BIKE02830,普通车,正常
BIKE02831,普通车,正常
BIKE02832,助力车,正常
BIKE02833,助力车,正常
BIKE02834,普通车,正常
BIKE02835,普通车,正常
BIKE02836,普通车,正常
BIKE02837,助力车,正常
BIKE02838,普通车,正常
BIKE02839,助力车,正常
BIKE02840,助力车,正常
BIKE02841,普通车,正常
BIKE02842,普通车,正常
BIKE02843,普通车,正常
BIKE02844,普通车,正常
BIKE02845,普通车,正常
BIKE02846,普通车,正常
BIKE02847,助力车,正常
BIKE02848,普通车,正常
BIKE02849,普通车,正常
BIKE02850,普通车,正常
BIKE02851,普通车,正常
BIKE02852,普通车,正常
BIKE02853,普通车,正常
BIKE02854,助力车,正常
BIKE02855,普通车,正常
BIKE02856,助力车,正常
BIKE02857,普通车,维修
BIKE02858,助力车,正常
BIKE02859,助力车,正常
BIKE02860,普通车,正常
BIKE02861,普通车,维修
BIKE02862,助力车,正常
BIKE02863,助力车,维修
BIKE02864,普通车,正常
BIKE02865,助力车,维修
BIKE02866,助力车,正常
BIKE02867,普通车,正常
BIKE02868,助力车,正常
BIKE02869,普通车,正常
BIKE02870,助力车,正常
BIKE02871,普通车,维修
BIKE02872,助力车,正常
BIKE02873,普通车,正常
BIKE02874,普通车,正常
BIKE02875,普通车,正常
BIKE02876,助力车,正常
BIKE02877,助力车,维修
BIKE02878,助力车,正常
BIKE02879,普通车,正常
BIKE02880,普通车,维修
BIKE02881,普通车,正常
BIKE02882,助力车,正常
BIKE02883,助力车,正常
BIKE02884,普通车,正常
BIKE02885,普通车,正常
BIKE02886,助力车,维修
BIKE02887,普通车,正常
BIKE02888,普通车,正常
BIKE02889,普通车,正常
BIKE02890,普通车,正常
BIKE02891,普通车,正常
BIKE02892,普通车,正常
BIKE02893,助力车,正常
BIKE02894,助力车,正常
BIKE02895,普通车,正常
BIKE02896,助力车,正常
BIKE02897,助力车,正常
BIKE02898,普通车,正常
BIKE02899,普通车,维修
BIKE02900,普通车,正常
BIKE02901,普通车,正常
BIKE02902,助力车,正常
BIKE02903,普通车,正常
BIKE02904,普通车,正常
BIKE02905,普通车,正常
BIKE02906,助力车,正常
BIKE02907,助力车,正常
BIKE02908,普通车,正常
BIKE02909,助力车,正常
BIKE02910,普通车,正常
BIKE02911,普通车,正常
BIKE02912,普通车,正常
BIKE02913,普通车,正常
BIKE02914,普通车,正常
BIKE02915,助力车,正常
BIKE02916,普通车,正常
BIKE02917,助力车,正常
BIKE02918,普通车,正常
BIKE02919,普通车,正常
BIKE02920,普通车,正常
BIKE02921,助力车,正常
BIKE02922,助力车,正常
BIKE02923,普通车,正常
BIKE02924,助力车,正常
BIKE02925,普通车,正常
BIKE02926,普通车,正常
BIKE02927,普通车,正常
BIKE02928,助力车,正常
BIKE02929,普通车,正常
BIKE02930,普通车,正常
BIKE02931,普通车,正常
BIKE02932,普通车,正常
BIKE02933,助力车,正常
BIKE02934,助力车,正常
BIKE02935,普通车,正常
BIKE02936,助力车,正常
BIKE02937,助力车,正常
BIKE02938,助力车,正常
BIKE02939,普通车,正常
BIKE02940,普通车,正常
BIKE02941,普通车,正常
BIKE02942,助力车,正常
BIKE02943,助力车,正常
BIKE02944,普通车,正常
BIKE02945,普通车,正常
BIKE02946,普通车,正常
BIKE02947,助力车,正常
BIKE02948,普通车,正常
BIKE02949,助力车,正常
BIKE02950,普通车,正常
BIKE02951,助力车,正常
BIKE02952,普通车,正常
BIKE02953,助力车,正常
BIKE02954,助力车,正常
BIKE02955,普通车,正常
BIKE02956,普通车,正常
BIKE02957,普通车,正常
BIKE02958,普通车,正常
BIKE02959,普通车,正常
BIKE02960,助力车,正常
BIKE02961,普通车,正常
BIKE02962,普通车,正常
BIKE02963,助力车,正常
BIKE02964,助力车,正常
BIKE02965,普通车,正常
BIKE02966,助力车,正常
BIKE02967,普通车,正常
BIKE02968,普通车,正常
BIKE02969,普通车,正常
BIKE02970,普通车,正常
BIKE02971,普通车,正常
BIKE02972,普通车,正常
BIKE02973,普通车,正常
BIKE02974,助力车,正常
BIKE02975,普通车,正常
BIKE02976,普通车,正常
BIKE02977,普通车,正常
BIKE02978,普通车,正常
BIKE02979,普通车,正常
BIKE02980,助力车,正常
BIKE02981,普通车,正常
BIKE02982,普通车,正常
BIKE02983,普通车,正常
BIKE02984,助力车,正常
BIKE02985,普通车,正常
BIKE02986,助力车,正常
BIKE02987,普通车,正常
BIKE02988,助力车,正常
BIKE02989,普通车,正常
BIKE02990,普通车,维修
BIKE02991,助力车,正常
BIKE02992,普通车,正常
BIKE02993,普通车,正常
BIKE02994,普通车,损坏
BIKE02995,普通车,正常
BIKE02996,助力车,正常
BIKE02997,普通车,正常
BIKE02998,助力车,正常
BIKE02999,助力车,正常
BIKE03000,助力车,正常
BIKE03001,普通车,正常
BIKE03002,普通车,正常
BIKE03003,普通车,正常
BIKE03004,助力车,维修
BIKE03005,助力车,正常
BIKE03006,普通车,正常
BIKE03007,助力车,正常
BIKE03008,普通车,正常
BIKE03009,普通车,正常
BIKE03010,普通车,正常
BIKE03011,普通车,正常
BIKE03012,普通车,正常
BIKE03013,普通车,正常
BIKE03014,助力车,正常
BIKE03015,普通车,正常
BIKE03016,助力车,正常
BIKE03017,普通车,正常
BIKE03018,普通车,正常
BIKE03019,普通车,正常
BIKE03020,助力车,正常
BIKE03021,助力车,正常
BIKE03022,普通车,正常
BIKE03023,普通车,正常
BIKE03024,普通车,正常
BIKE03025,助力车,正常
BIKE03026,普通车,正常
BIKE03027,助力车,维修
BIKE03028,普通车,正常
BIKE03029,普通车,正常
BIKE03030,助力车,正常
BIKE03031,普通车,正常
BIKE03032,助力车,正常
BIKE03033,普通车,正常
BIKE03034,普通车,正常
BIKE03035,普通车,维修
BIKE03036,助力车,正常
BIKE03037,助力车,正常
BIKE03038,助力车,正常
BIKE03039,普通车,正常
BIKE03040,助力车,正常
BIKE03041,普通车,正常
BIKE03042,普通车,维修
BIKE03043,普通车,正常
BIKE03044,普通车,正常
BIKE03045,助力车,正常
BIKE03046,助力车,正常
BIKE03047,普通车,正常
BIKE03048,普通车,维修
BIKE03049,普通车,正常
BIKE03050,助力车,正常
BIKE03051,助力车,正常
BIKE03052,普通车,正常
BIKE03053,普通车,正常
BIKE03054,普通车,正常
BIKE03055,普通车,正常
BIKE03056,普通车,正常
BIKE03057,普通车,正常
BIKE03058,普通车,正常
BIKE03059,普通车,维修
BIKE03060,普通车,正常
BIKE03061,助力车,正常
BIKE03062,普通车,正常
BIKE03063,助力车,正常
BIKE03064,普通车,正常
BIKE03065,普通车,正常
BIKE03066,助力车,正常
BIKE03067,普通车,正常
BIKE03068,普通车,正常
BIKE03069,普通车,正常
BIKE03070,普通车,正常
BIKE03071,普通车,正常
BIKE03072,普通车,正常
BIKE03073,助力车,正常
BIKE03074,助力车,正常
BIKE03075,助力车,正常
BIKE03076,普通车,正常
BIKE03077,普通车,正常
BIKE03078,助力车,正常
BIKE03079,普通车,正常
BIKE03080,助力车,正常
BIKE03081,普通车,正常
BIKE03082,普通车,正常
BIKE03083,普通车,正常
BIKE03084,普通车,正常
BIKE03085,普通车,正常
BIKE03086,普通车,正常
BIKE03087,普通车,正常
BIKE03088,普通车,正常
BIKE03089,助力车,正常
BIKE03090,普通车,损坏
BIKE03091,普通车,正常
BIKE03092,助力车,正常
BIKE03093,普通车,正常
BIKE03094,助力车,维修
BIKE03095,助力车,正常
BIKE03096,普通车,正常
BIKE03097,普通车,正常
BIKE03098,普通车,正常
BIKE03099,普通车,正常
BIKE03100,普通车,正常
BIKE03101,助力车,正常
BIKE03102,助力车,正常
BIKE03103,普通车,正常
BIKE03104,普通车,正常
BIKE03105,普通车,维修
BIKE03106,助力车,正常
BIKE03107,普通车,正常
BIKE03108,普通车,正常
BIKE03109,助力车,正常
BIKE03110,普通车,正常
BIKE03111,助力车,正常
BIKE03112,普通车,正常
BIKE03113,普通车,正常
BIKE03114,普通车,维修
BIKE03115,普通车,正常
BIKE03116,普通车,正常
BIKE03117,普通车,正常
BIKE03118,普通车,维修
BIKE03119,普通车,维修
BIKE03120,普通车,正常
BIKE03121,普通车,正常
BIKE03122,助力车,正常
BIKE03123,普通车,正常
BIKE03124,助力车,正常
BIKE03125,普通车,维修
BIKE03126,普通车,正常
BIKE03127,普通车,正常
BIKE03128,助力车,正常
BIKE03129,普通车,正常
BIKE03130,普通车,正常
BIKE03131,助力车,维修
BIKE03132,助力车,正常
BIKE03133,普通车,正常
BIKE03134,普通车,正常
BIKE03135,普通车,正常
BIKE03136,普通车,正常
BIKE03137,助力车,正常
BIKE03138,助力车,正常
BIKE03139,普通车,正常
BIKE03140,普通车,正常
BIKE03141,普通车,正常
BIKE03142,助力车,正常
BIKE03143,普通车,正常
BIKE03144,助力车,正常
BIKE03145,普通车,正常
BIKE03146,普通车,正常
BIKE03147,普通车,正常
BIKE03148,普通车,维修
BIKE03149,普通车,正常
BIKE03150,助力车,正常
BIKE03151,普通车,正常
BIKE03152,普通车,损坏
BIKE03153,助力车,正常
BIKE03154,普通车,维修
BIKE03155,普通车,正常
BIKE03156,普通车,正常
BIKE03157,普通车,正常
BIKE03158,普通车,正常
BIKE03159,助力车,正常
BIKE03160,助力车,正常
BIKE03161,普通车,正常
BIKE03162,普通车,正常
BIKE03163,助力车,正常
BIKE03164,助力车,正常
BIKE03165,助力车,正常
BIKE03166,普通车,正常
BIKE03167,普通车,正常
BIKE03168,普通车,正常
BIKE03169,普通车,正常
BIKE03170,普通车,正常
BIKE03171,普通车,正常
BIKE03172,普通车,正常
BIKE03173,助力车,正常
BIKE03174,普通车,正常
BIKE03175,普通车,正常
BIKE03176,普通车,正常
BIKE03177,普通车,正常
BIKE03178,助力车,正常
BIKE03179,助力车,正常
BIKE03180,普通车,正常
BIKE03181,普通车,正常
BIKE03182,普通车,正常
BIKE03183,普通车,维修
BIKE03184,普通车,维修
BIKE03185,普通车,正常
BIKE03186,普通车,正常
BIKE03187,普通车,正常
BIKE03188,助力车,正常
BIKE03189,普通车,正常
BIKE03190,助力车,正常
BIKE03191,助力车,正常
BIKE03192,助力车,正常
BIKE03193,助力车,正常
BIKE03194,普通车,正常
BIKE03195,普通车,正常
BIKE03196,助力车,正常
BIKE03197,普通车,损坏
BIKE03198,助力车,正常
BIKE03199,普通车,正常
BIKE03200,普通车,正常
BIKE03201,助力车,正常
BIKE03202,普通车,正常
BIKE03203,助力车,正常
BIKE03204,助力车,正常
BIKE03205,助力车,正常
BIKE03206,普通车,正常
BIKE03207,普通车,正常
BIKE03208,普通车,正常
BIKE03209,普通车,正常
BIKE03210,助力车,正常
BIKE03211,普通车,正常
BIKE03212,普通车,正常
BIKE03213,助力车,正常
BIKE03214,普通车,正常
BIKE03215,普通车,正常
BIKE03216,普通车,正常
BIKE03217,助力车,正常
BIKE03218,普通车,正常
BIKE03219,助力车,正常
BIKE03220,普通车,正常
BIKE03221,普通车,正常
BIKE03222,普通车,正常
BIKE03223,助力车,正常
BIKE03224,助力车,正常
BIKE03225,普通车,正常
BIKE03226,普通车,正常
BIKE03227,普通车,正常
BIKE03228,普通车,正常
BIKE03229,普通车,正常
BIKE03230,普通车,维修
BIKE03231,普通车,正常
BIKE03232,助力车,正常
BIKE03233,助力车,正常
BIKE03234,普通车,维修
BIKE03235,普通车,正常
BIKE03236,普通车,正常
BIKE03237,普通车,正常
BIKE03238,普通车,正常
BIKE03239,普通车,正常
BIKE03240,普通车,正常
BIKE03241,普通车,维修
BIKE03242,助力车,维修
BIKE03243,助力车,正常
BIKE03244,普通车,正常
BIKE03245,普通车,正常
BIKE03246,普通车,维修
BIKE03247,普通车,正常
BIKE03248,普通车,正常
BIKE03249,助力车,正常
BIKE03250,普通车,正常
BIKE03251,普通车,正常
BIKE03252,普通车,正常
BIKE03253,普通车,正常
BIKE03254,普通车,正常
BIKE03255,普通车,正常
BIKE03256,普通车,正常
BIKE03257,普通车,正常
BIKE03258,普通车,正常
BIKE03259,普通车,正常
BIKE03260,普通车,正常
BIKE03261,助力车,正常
BIKE03262,助力车,正常
BIKE03263,普通车,正常
BIKE03264,普通车,正常
BIKE03265,普通车,正常
BIKE03266,普通车,正常
BIKE03267,助力车,正常
BIKE03268,普通车,正常
BIKE03269,助力车,正常
BIKE03270,普通车,正常
BIKE03271,普通车,正常
BIKE03272,普通车,正常
BIKE03273,普通车,正常
BIKE03274,普通车,维修
BIKE03275,助力车,正常
BIKE03276,普通车,正常
BIKE03277,普通车,正常
BIKE03278,普通车,正常
BIKE03279,普通车,正常
BIKE03280,普通车,正常
BIKE03281,普通车,正常
BIKE03282,普通车,正常
BIKE03283,助力车,正常
BIKE03284,助力车,正常
BIKE03285,普通车,维修
BIKE03286,助力车,正常
BIKE03287,普通车,正常
BIKE03288,助力车,正常
BIKE03289,普通车,正常
BIKE03290,普通车,正常
BIKE03291,普通车,维修
BIKE03292,普通车,损坏
BIKE03293,助力车,正常
BIKE03294,助力车,正常
BIKE03295,助力车,正常
BIKE03296,普通车,正常
BIKE03297,普通车,维修
BIKE03298,普通车,正常
BIKE03299,助力车,正常
BIKE03300,普通车,正常
BIKE03301,助力车,正常
BIKE03302,助力车,正常
BIKE03303,普通车,正常
BIKE03304,普通车,正常
BIKE03305,普通车,维修
BIKE03306,普通车,正常
BIKE03307,助力车,维修
BIKE03308,普通车,正常
BIKE03309,助力车,正常
BIKE03310,普通车,正常
BIKE03311,普通车,正常
BIKE03312,助力车,正常
BIKE03313,助力车,正常
BIKE03314,助力车,正常
BIKE03315,助力车,正常
BIKE03316,普通车,正常
BIKE03317,助力车,正常
BIKE03318,助力车,正常
BIKE03319,助力车,正常
BIKE03320,普通车,正常
BIKE03321,普通车,正常
BIKE03322,普通车,维修
BIKE03323,普通车,正常
BIKE03324,普通车,正常
BIKE03325,普通车,正常
BIKE03326,普通车,正常
BIKE03327,普通车,正常
BIKE03328,助力车,正常
BIKE03329,普通车,正常
BIKE03330,普通车,正常
BIKE03331,普通车,正常
BIKE03332,普通车,正常
BIKE03333,普通车,正常
BIKE03334,普通车,正常
BIKE03335,普通车,正常
BIKE03336,普通车,正常
BIKE03337,助力车,正常
BIKE03338,普通车,正常
BIKE03339,普通车,正常
BIKE03340,助力车,正常
BIKE03341,普通车,正常
BIKE03342,普通车,正常
BIKE03343,普通车,正常
BIKE03344,助力车,正常
BIKE03345,普通车,正常
BIKE03346,助力车,正常
BIKE03347,普通车,正常
BIKE03348,助力车,正常
BIKE03349,助力车,正常
BIKE03350,助力车,正常
BIKE03351,普通车,正常
BIKE03352,普通车,正常
BIKE03353,助力车,正常
BIKE03354,助力车,正常
BIKE03355,普通车,正常
BIKE03356,普通车,正常
BIKE03357,助力车,正常
BIKE03358,助力车,正常
BIKE03359,普通车,正常
BIKE03360,普通车,正常
BIKE03361,普通车,正常
BIKE03362,普通车,正常
BIKE03363,普通车,维修
BIKE03364,普通车,正常
BIKE03365,助力车,正常
BIKE03366,助力车,正常
BIKE03367,普通车,正常
BIKE03368,普通车,正常
BIKE03369,普通车,正常
BIKE03370,普通车,正常
BIKE03371,普通车,正常
BIKE03372,助力车,正常
BIKE03373,助力车,正常
BIKE03374,助力车,正常
BIKE03375,助力车,正常
BIKE03376,普通车,正常
BIKE03377,普通车,正常
BIKE03378,普通车,正常
BIKE03379,助力车,正常
BIKE03380,普通车,正常
BIKE03381,普通车,正常
BIKE03382,普通车,正常
BIKE03383,助力车,正常
BIKE03384,普通车,正常
BIKE03385,助力车,正常
BIKE03386,助力车,正常
BIKE03387,普通车,损坏
BIKE03388,普通车,正常
BIKE03389,普通车,正常
BIKE03390,普通车,维修
BIKE03391,助力车,正常
BIKE03392,普通车,正常
BIKE03393,普通车,正常
BIKE03394,助力车,正常
BIKE03395,助力车,正常
BIKE03396,普通车,正常
BIKE03397,普通车,正常
BIKE03398,助力车,正常
BIKE03399,普通车,正常
BIKE03400,普通车,正常
BIKE03401,普通车,正常
BIKE03402,助力车,正常
BIKE03403,助力车,正常
BIKE03404,普通车,正常
BIKE03405,助力车,维修
BIKE03406,普通车,正常
BIKE03407,普通车,正常
BIKE03408,助力车,正常
BIKE03409,助力车,正常
BIKE03410,普通车,正常
BIKE03411,助力车,正常
BIKE03412,助力车,正常
BIKE03413,普通车,正常
BIKE03414,普通车,正常
BIKE03415,普通车,正常
BIKE03416,普通车,正常
BIKE03417,普通车,正常
BIKE03418,普通车,正常
BIKE03419,普通车,正常
BIKE03420,普通车,正常
BIKE03421,普通车,正常
BIKE03422,普通车,正常
BIKE03423,普通车,正常
BIKE03424,普通车,正常
BIKE03425,普通车,维修
BIKE03426,普通车,正常
BIKE03427,普通车,正常
BIKE03428,普通车,正常
BIKE03429,普通车,正常
BIKE03430,普通车,维修
BIKE03431,普通车,正常
BIKE03432,普通车,维修
BIKE03433,助力车,正常
BIKE03434,助力车,正常
BIKE03435,普通车,正常
BIKE03436,普通车,正常
BIKE03437,助力车,正常
BIKE03438,助力车,正常
BIKE03439,助力车,正常
BIKE03440,普通车,正常
BIKE03441,普通车,正常
BIKE03442,普通车,维修
BIKE03443,普通车,正常
BIKE03444,普通车,正常
BIKE03445,普通车,正常
BIKE03446,助力车,正常
BIKE03447,普通车,正常
BIKE03448,普通车,正常
BIKE03449,助力车,正常
BIKE03450,普通车,正常
BIKE03451,普通车,正常
BIKE03452,助力车,正常
BIKE03453,助力车,正常
BIKE03454,普通车,正常
BIKE03455,普通车,正常
BIKE03456,普通车,正常
BIKE03457,普通车,正常
BIKE03458,普通车,正常
BIKE03459,助力车,正常
BIKE03460,普通车,正常
BIKE03461,普通车,正常
BIKE03462,普通车,正常
BIKE03463,普通车,正常
BIKE03464,普通车,正常
BIKE03465,普通车,正常
BIKE03466,普通车,正常
BIKE03467,普通车,正常
BIKE03468,普通车,正常
BIKE03469,普通车,正常
BIKE03470,普通车,维修
BIKE03471,普通车,正常
BIKE03472,普通车,正常
BIKE03473,普通车,正常
BIKE03474,普通车,正常
BIKE03475,普通车,正常
BIKE03476,助力车,正常
BIKE03477,助力车,正常
BIKE03478,普通车,正常
BIKE03479,普通车,正常
BIKE03480,普通车,维修
BIKE03481,普通车,正常
BIKE03482,普通车,正常
BIKE03483,普通车,正常
BIKE03484,普通车,正常
BIKE03485,助力车,正常
BIKE03486,普通车,正常
BIKE03487,普通车,正常
BIKE03488,普通车,正常
BIKE03489,助力车,维修
BIKE03490,普通车,正常
BIKE03491,普通车,正常
BIKE03492,普通车,正常
BIKE03493,普通车,正常
BIKE03494,普通车,正常
BIKE03495,普通车,正常
BIKE03496,助力车,正常
BIKE03497,助力车,正常
BIKE03498,普通车,维修
BIKE03499,助力车,正常
BIKE03500,助力车,正常
BIKE03501,普通车,正常
BIKE03502,助力车,正常
BIKE03503,普通车,正常
BIKE03504,助力车,正常
BIKE03505,普通车,正常
BIKE03506,助力车,正常
BIKE03507,普通车,正常
BIKE03508,普通车,维修
BIKE03509,普通车,正常
BIKE03510,普通车,正常
BIKE03511,普通车,正常
BIKE03512,普通车,正常
BIKE03513,普通车,正常
BIKE03514,普通车,正常
BIKE03515,普通车,维修
BIKE03516,助力车,正常
BIKE03517,普通车,正常
BIKE03518,普通车,正常
BIKE03519,普通车,维修
BIKE03520,助力车,正常
BIKE03521,普通车,正常
BIKE03522,助力车,正常
BIKE03523,普通车,正常
BIKE03524,普通车,正常
BIKE03525,普通车,正常
BIKE03526,普通车,正常
BIKE03527,普通车,正常
BIKE03528,普通车,正常
BIKE03529,普通车,正常
BIKE03530,普通车,正常
BIKE03531,普通车,正常
BIKE03532,助力车,维修
BIKE03533,普通车,正常
BIKE03534,助力车,正常
BIKE03535,助力车,正常
BIKE03536,普通车,正常
BIKE03537,助力车,正常
BIKE03538,助力车,正常
BIKE03539,普通车,正常
BIKE03540,普通车,正常
BIKE03541,普通车,正常
BIKE03542,普通车,正常
BIKE03543,普通车,正常
BIKE03544,助力车,正常
BIKE03545,助力车,正常
BIKE03546,普通车,正常
BIKE03547,普通车,正常
BIKE03548,普通车,正常
BIKE03549,普通车,正常
BIKE03550,助力车,正常
BIKE03551,普通车,正常
BIKE03552,普通车,正常
BIKE03553,助力车,维修
BIKE03554,普通车,正常
BIKE03555,普通车,正常
BIKE03556,助力车,正常
BIKE03557,普通车,正常
BIKE03558,普通车,正常
BIKE03559,普通车,正常
BIKE03560,普通车,正常
BIKE03561,助力车,正常
BIKE03562,助力车,正常
BIKE03563,普通车,正常
BIKE03564,普通车,正常
BIKE03565,助力车,正常
BIKE03566,普通车,正常
BIKE03567,普通车,维修
BIKE03568,普通车,正常
BIKE03569,普通车,正常
BIKE03570,普通车,维修
BIKE03571,普通车,正常
BIKE03572,普通车,正常
BIKE03573,普通车,正常
BIKE03574,普通车,正常
BIKE03575,普通车,正常
BIKE03576,普通车,损坏
BIKE03577,助力车,正常
BIKE03578,助力车,维修
BIKE03579,普通车,正常
BIKE03580,普通车,正常
BIKE03581,助力车,正常
BIKE03582,普通车,正常
BIKE03583,普通车,正常
BIKE03584,助力车,正常
BIKE03585,普通车,正常
BIKE03586,普通车,正常
BIKE03587,助力车,正常
BIKE03588,普通车,正常
BIKE03589,普通车,正常
BIKE03590,助力车,正常
BIKE03591,普通车,正常
BIKE03592,普通车,正常
BIKE03593,普通车,维修
BIKE03594,助力车,正常
BIKE03595,普通车,正常
BIKE03596,普通车,正常
BIKE03597,普通车,正常
BIKE03598,普通车,正常
BIKE03599,助力车,正常
BIKE03600,助力车,正常
BIKE03601,普通车,正常
BIKE03602,普通车,正常
BIKE03603,普通车,正常
BIKE03604,普通车,正常
BIKE03605,普通车,正常
BIKE03606,普通车,正常
BIKE03607,普通车,正常
BIKE03608,普通车,维修
BIKE03609,普通车,正常
BIKE03610,普通车,维修
BIKE03611,普通车,正常
BIKE03612,普通车,正常
BIKE03613,助力车,正常
BIKE03614,普通车,正常
BIKE03615,助力车,正常
BIKE03616,普通车,正常
BIKE03617,普通车,正常
BIKE03618,普通车,正常
BIKE03619,助力车,正常
BIKE03620,普通车,正常
BIKE03621,普通车,正常
BIKE03622,普通车,正常
BIKE03623,普通车,正常
BIKE03624,普通车,正常
BIKE03625,普通车,维修
BIKE03626,普通车,正常
BIKE03627,助力车,正常
BIKE03628,助力车,正常
BIKE03629,普通车,正常
BIKE03630,普通车,维修
BIKE03631,普通车,正常
BIKE03632,普通车,正常
BIKE03633,普通车,正常
BIKE03634,普通车,正常
BIKE03635,助力车,正常
BIKE03636,普通车,正常
BIKE03637,助力车,正常
BIKE03638,普通车,正常
BIKE03639,普通车,正常
BIKE03640,普通车,正常
BIKE03641,普通车,正常
BIKE03642,普通车,正常
BIKE03643,助力车,正常
BIKE03644,普通车,正常
BIKE03645,普通车,正常
BIKE03646,普通车,正常
BIKE03647,助力车,正常
BIKE03648,普通车,维修
BIKE03649,普通车,维修
BIKE03650,普通车,正常
BIKE03651,助力车,正常
BIKE03652,普通车,正常
BIKE03653,助力车,正常
BIKE03654,普通车,正常
BIKE03655,普通车,维修
BIKE03656,普通车,正常
BIKE03657,普通车,正常
BIKE03658,普通车,损坏
BIKE03659,助力车,正常
BIKE03660,助力车,正常
BIKE03661,普通车,正常
BIKE03662,普通车,正常
BIKE03663,普通车,正常
BIKE03664,普通车,正常
BIKE03665,助力车,正常
BIKE03666,普通车,正常
BIKE03667,普通车,正常
BIKE03668,普通车,维修
BIKE03669,普通车,维修
BIKE03670,助力车,正常
BIKE03671,助力车,正常
BIKE03672,普通车,正常
BIKE03673,助力车,维修
BIKE03674,普通车,正常
BIKE03675,普通车,正常
BIKE03676,普通车,正常
BIKE03677,助力车,正常
BIKE03678,助力车,正常
BIKE03679,普通车,正常
BIKE03680,普通车,正常
BIKE03681,普通车,正常
BIKE03682,助力车,正常
BIKE03683,助力车,维修
BIKE03684,普通车,正常
BIKE03685,普通车,正常
BIKE03686,普通车,正常
BIKE03687,普通车,正常
BIKE03688,助力车,正常
BIKE03689,助力车,正常
BIKE03690,普通车,正常
BIKE03691,普通车,正常
BIKE03692,助力车,正常
BIKE03693,普通车,正常
BIKE03694,普通车,正常
BIKE03695,普通车,正常
BIKE03696,普通车,正常
BIKE03697,助力车,正常
BIKE03698,助力车,正常
BIKE03699,普通车,正常
BIKE03700,普通车,正常
BIKE03701,助力车,正常
BIKE03702,普通车,维修
BIKE03703,助力车,正常
BIKE03704,助力车,正常
BIKE03705,助力车,正常
BIKE03706,普通车,正常
BIKE03707,普通车,正常
BIKE03708,助力车,正常
BIKE03709,普通车,正常
BIKE03710,普通车,正常
BIKE03711,普通车,正常
BIKE03712,普通车,维修
BIKE03713,普通车,正常
BIKE03714,助力车,正常
BIKE03715,普通车,正常
BIKE03716,普通车,正常
BIKE03717,普通车,正常
BIKE03718,普通车,正常
BIKE03719,助力车,正常
BIKE03720,助力车,正常
BIKE03721,助力车,维修
BIKE03722,普通车,正常
BIKE03723,普通车,正常
BIKE03724,普通车,损坏
BIKE03725,普通车,正常
BIKE03726,普通车,正常
BIKE03727,普通车,正常
BIKE03728,普通车,正常
BIKE03729,助力车,正常
BIKE03730,普通车,正常
BIKE03731,普通车,正常
BIKE03732,普通车,维修
BIKE03733,普通车,正常
BIKE03734,普通车,维修
BIKE03735,普通车,正常
BIKE03736,普通车,正常
BIKE03737,助力车,正常
BIKE03738,普通车,正常
BIKE03739,普通车,维修
BIKE03740,普通车,正常
BIKE03741,普通车,正常
BIKE03742,助力车,正常
BIKE03743,助力车,正常
BIKE03744,普通车,正常
BIKE03745,普通车,维修
BIKE03746,普通车,正常
BIKE03747,助力车,正常
BIKE03748,普通车,维修
BIKE03749,助力车,正常
BIKE03750,助力车,正常
BIKE03751,普通车,正常
BIKE03752,助力车,损坏
BIKE03753,普通车,正常
BIKE03754,普通车,正常
BIKE03755,普通车,维修
BIKE03756,助力车,正常
BIKE03757,普通车,维修
BIKE03758,助力车,正常
BIKE03759,助力车,损坏
BIKE03760,普通车,维修
BIKE03761,普通车,正常
BIKE03762,普通车,正常
BIKE03763,普通车,正常
BIKE03764,普通车,正常
BIKE03765,普通车,正常
BIKE03766,普通车,正常
BIKE03767,普通车,正常
BIKE03768,助力车,正常
BIKE03769,普通车,正常
BIKE03770,助力车,正常
BIKE03771,普通车,正常
BIKE03772,普通车,正常
BIKE03773,普通车,正常
BIKE03774,普通车,正常
BIKE03775,普通车,正常
BIKE03776,助力车,正常
BIKE03777,普通车,正常
BIKE03778,普通车,正常
BIKE03779,助力车,正常
BIKE03780,普通车,正常
BIKE03781,普通车,正常
BIKE03782,助力车,正常
BIKE03783,普通车,正常
BIKE03784,助力车,正常
BIKE03785,普通车,正常
BIKE03786,助力车,正常
BIKE03787,普通车,正常
BIKE03788,助力车,正常
BIKE03789,助力车,正常
BIKE03790,助力车,正常
BIKE03791,普通车,正常
BIKE03792,普通车,维修
BIKE03793,普通车,正常
BIKE03794,普通车,正常
BIKE03795,普通车,正常
BIKE03796,普通车,正常
BIKE03797,普通车,正常
BIKE03798,普通车,正常
BIKE03799,助力车,正常
BIKE03800,普通车,正常
BIKE03801,助力车,正常
BIKE03802,普通车,正常
BIKE03803,普通车,维修
BIKE03804,普通车,正常
BIKE03805,普通车,正常
BIKE03806,普通车,正常
BIKE03807,普通车,正常
BIKE03808,普通车,正常
BIKE03809,普通车,正常
BIKE03810,助力车,正常
BIKE03811,助力车,正常
BIKE03812,普通车,正常
BIKE03813,普通车,正常
BIKE03814,普通车,正常
BIKE03815,普通车,正常
BIKE03816,普通车,正常
BIKE03817,助力车,正常
BIKE03818,普通车,正常
BIKE03819,普通车,维修
BIKE03820,普通车,正常
BIKE03821,普通车,正常
BIKE03822,普通车,正常
BIKE03823,普通车,正常
BIKE03824,助力车,正常
BIKE03825,普通车,正常
BIKE03826,普通车,维修
BIKE03827,普通车,维修
BIKE03828,普通车,正常
BIKE03829,普通车,正常
BIKE03830,普通车,正常
BIKE03831,普通车,正常
BIKE03832,普通车,正常
BIKE03833,助力车,正常
BIKE03834,助力车,正常
BIKE03835,普通车,正常
BIKE03836,普通车,正常
BIKE03837,助力车,正常
BIKE03838,普通车,正常
BIKE03839,普通车,正常
BIKE03840,普通车,正常
BIKE03841,普通车,正常
BIKE03842,普通车,正常
BIKE03843,普通车,正常
BIKE03844,助力车,维修
BIKE03845,助力车,正常
BIKE03846,助力车,正常
BIKE03847,助力车,正常
BIKE03848,助力车,正常
BIKE03849,助力车,正常
BIKE03850,普通车,正常
BIKE03851,助力车,维修
BIKE03852,助力车,正常
BIKE03853,普通车,正常
BIKE03854,助力车,正常
BIKE03855,普通车,正常
BIKE03856,助力车,正常
BIKE03857,助力车,正常
BIKE03858,普通车,正常
BIKE03859,普通车,正常
BIKE03860,助力车,正常
BIKE03861,助力车,正常
BIKE03862,普通车,正常
BIKE03863,普通车,正常
BIKE03864,助力车,正常
BIKE03865,普通车,正常
BIKE03866,普通车,正常
BIKE03867,普通车,正常
BIKE03868,普通车,正常
BIKE03869,普通车,正常
BIKE03870,助力车,正常
BIKE03871,普通车,正常
BIKE03872,普通车,正常
BIKE03873,助力车,正常
BIKE03874,普通车,损坏
BIKE03875,普通车,正常
BIKE03876,普通车,正常
BIKE03877,普通车,正常
BIKE03878,普通车,正常
BIKE03879,助力车,正常
BIKE03880,普通车,正常
BIKE03881,普通车,正常
BIKE03882,助力车,正常
BIKE03883,助力车,正常
BIKE03884,普通车,正常
BIKE03885,普通车,正常
BIKE03886,普通车,正常
BIKE03887,助力车,损坏
BIKE03888,助力车,正常
BIKE03889,普通车,正常
BIKE03890,普通车,正常
BIKE03891,普通车,正常
BIKE03892,助力车,正常
BIKE03893,普通车,正常
BIKE03894,助力车,正常
BIKE03895,普通车,正常
BIKE03896,助力车,正常
BIKE03897,普通车,正常
BIKE03898,普通车,正常
BIKE03899,助力车,正常
BIKE03900,普通车,正常
BIKE03901,普通车,正常
BIKE03902,普通车,维修
BIKE03903,普通车,正常
BIKE03904,普通车,正常
BIKE03905,普通车,维修
BIKE03906,普通车,维修
BIKE03907,助力车,正常
BIKE03908,普通车,正常
BIKE03909,普通车,正常
BIKE03910,助力车,正常
BIKE03911,普通车,正常
BIKE03912,普通车,正常
BIKE03913,普通车,正常
BIKE03914,普通车,正常
BIKE03915,助力车,正常
BIKE03916,普通车,正常
BIKE03917,助力车,正常
BIKE03918,普通车,正常
BIKE03919,普通车,正常
BIKE03920,普通车,正常
BIKE03921,普通车,正常
BIKE03922,普通车,正常
BIKE03923,普通车,维修
BIKE03924,普通车,正常
BIKE03925,助力车,正常
BIKE03926,助力车,正常
BIKE03927,普通车,正常
BIKE03928,普通车,正常
BIKE03929,普通车,正常
BIKE03930,助力车,正常
BIKE03931,普通车,正常
BIKE03932,普通车,正常
BIKE03933,普通车,正常
BIKE03934,普通车,正常
BIKE03935,普通车,正常
BIKE03936,助力车,维修
BIKE03937,助力车,正常
BIKE03938,普通车,损坏
BIKE03939,普通车,正常
BIKE03940,助力车,正常
BIKE03941,普通车,正常
BIKE03942,普通车,正常
BIKE03943,普通车,正常
BIKE03944,助力车,正常
BIKE03945,普通车,正常
BIKE03946,助力车,正常
BIKE03947,普通车,正常
BIKE03948,普通车,正常
BIKE03949,普通车,正常
BIKE03950,普通车,正常
BIKE03951,助力车,正常
BIKE03952,普通车,正常
BIKE03953,助力车,正常
BIKE03954,助力车,正常
BIKE03955,普通车,正常
BIKE03956,普通车,正常
BIKE03957,普通车,正常
BIKE03958,助力车,正常
BIKE03959,助力车,正常
BIKE03960,助力车,损坏
BIKE03961,普通车,正常
BIKE03962,普通车,正常
BIKE03963,普通车,正常
BIKE03964,助力车,正常
BIKE03965,助力车,维修
BIKE03966,助力车,正常
BIKE03967,普通车,正常
BIKE03968,普通车,正常
BIKE03969,普通车,正常
BIKE03970,普通车,正常
BIKE03971,普通车,正常
BIKE03972,普通车,正常
BIKE03973,普通车,正常
BIKE03974,普通车,维修
BIKE03975,普通车,正常
BIKE03976,普通车,正常
BIKE03977,助力车,维修
BIKE03978,助力车,维修
BIKE03979,普通车,正常
BIKE03980,普通车,正常
BIKE03981,普通车,维修
BIKE03982,普通车,正常
BIKE03983,普通车,正常
BIKE03984,普通车,正常
BIKE03985,普通车,正常
BIKE03986,普通车,正常
BIKE03987,普通车,正常
BIKE03988,助力车,正常
BIKE03989,普通车,正常
BIKE03990,普通车,正常
BIKE03991,普通车,正常
BIKE03992,普通车,正常
BIKE03993,助力车,正常
BIKE03994,助力车,正常
BIKE03995,助力车,正常
BIKE03996,助力车,正常
BIKE03997,普通车,正常
BIKE03998,普通车,维修
BIKE03999,普通车,维修
BIKE04000,普通车,正常
BIKE04001,普通车,正常
BIKE04002,普通车,正常
BIKE04003,普通车,正常
BIKE04004,普通车,损坏
BIKE04005,助力车,损坏
BIKE04006,普通车,正常
BIKE04007,助力车,正常
BIKE04008,普通车,正常
BIKE04009,普通车,正常
BIKE04010,普通车,正常
BIKE04011,助力车,正常
BIKE04012,普通车,正常
BIKE04013,助力车,正常
BIKE04014,普通车,正常
BIKE04015,普通车,正常
BIKE04016,普通车,正常
BIKE04017,普通车,正常
BIKE04018,普通车,正常
BIKE04019,助力车,正常
BIKE04020,助力车,正常
BIKE04021,助力车,正常
BIKE04022,普通车,正常
BIKE04023,普通车,正常
BIKE04024,助力车,正常
BIKE04025,普通车,正常
BIKE04026,普通车,正常
BIKE04027,助力车,正常
BIKE04028,普通车,正常
BIKE04029,普通车,正常
BIKE04030,普通车,正常
BIKE04031,普通车,正常
BIKE04032,助力车,正常
BIKE04033,普通车,正常
BIKE04034,普通车,正常
BIKE04035,普通车,正常
BIKE04036,助力车,正常
BIKE04037,普通车,正常
BIKE04038,助力车,正常
BIKE04039,普通车,正常
BIKE04040,助力车,正常
BIKE04041,助力车,正常
BIKE04042,助力车,正常
BIKE04043,普通车,正常
BIKE04044,普通车,正常
BIKE04045,普通车,正常
BIKE04046,普通车,正常
BIKE04047,普通车,正常
BIKE04048,普通车,正常
BIKE04049,普通车,正常
BIKE04050,助力车,正常
BIKE04051,助力车,正常
BIKE04052,普通车,正常
BIKE04053,助力车,正常
BIKE04054,助力车,正常
BIKE04055,普通车,正常
BIKE04056,普通车,正常
BIKE04057,普通车,正常
BIKE04058,助力车,损坏
BIKE04059,普通车,正常
BIKE04060,普通车,正常
BIKE04061,助力车,正常
BIKE04062,普通车,正常
BIKE04063,普通车,正常
BIKE04064,助力车,正常
BIKE04065,普通车,正常
BIKE04066,普通车,正常
BIKE04067,助力车,正常
BIKE04068,普通车,损坏
BIKE04069,助力车,正常
BIKE04070,普通车,正常
BIKE04071,普通车,正常
BIKE04072,普通车,正常
BIKE04073,普通车,正常
BIKE04074,助力车,正常
BIKE04075,助力车,正常
BIKE04076,助力车,正常
BIKE04077,普通车,正常
BIKE04078,普通车,正常
BIKE04079,普通车,正常
BIKE04080,普通车,正常
BIKE04081,普通车,维修
BIKE04082,普通车,正常
BIKE04083,普通车,正常
BIKE04084,助力车,正常
BIKE04085,普通车,正常
BIKE04086,普通车,正常
BIKE04087,助力车,正常
BIKE04088,普通车,正常
BIKE04089,普通车,正常
BIKE04090,助力车,正常
BIKE04091,普通车,正常
BIKE04092,普通车,正常
BIKE04093,普通车,正常
BIKE04094,普通车,正常
BIKE04095,普通车,正常
BIKE04096,助力车,正常
BIKE04097,助力车,正常
BIKE04098,普通车,正常
BIKE04099,普通车,正常
BIKE04100,普通车,正常
BIKE04101,普通车,正常
BIKE04102,助力车,正常
BIKE04103,助力车,正常
BIKE04104,普通车,正常
BIKE04105,助力车,维修
BIKE04106,普通车,正常
BIKE04107,普通车,正常
BIKE04108,助力车,正常
BIKE04109,普通车,正常
BIKE04110,普通车,正常
BIKE04111,普通车,正常
BIKE04112,普通车,正常
BIKE04113,普通车,正常
BIKE04114,普通车,维修
BIKE04115,普通车,正常
BIKE04116,助力车,正常
BIKE04117,普通车,正常
BIKE04118,普通车,正常
BIKE04119,助力车,正常
BIKE04120,普通车,正常
BIKE04121,普通车,正常
BIKE04122,助力车,正常
BIKE04123,普通车,正常
BIKE04124,助力车,正常
BIKE04125,助力车,正常
BIKE04126,助力车,损坏
BIKE04127,助力车,正常
BIKE04128,助力车,维修
BIKE04129,普通车,正常
BIKE04130,普通车,正常
BIKE04131,助力车,正常
BIKE04132,普通车,正常
BIKE04133,助力车,正常
BIKE04134,普通车,正常
BIKE04135,助力车,正常
BIKE04136,普通车,正常
BIKE04137,普通车,维修
BIKE04138,助力车,正常
BIKE04139,助力车,正常
BIKE04140,普通车,正常
BIKE04141,助力车,正常
BIKE04142,普通车,正常
BIKE04143,普通车,正常
BIKE04144,普通车,正常
BIKE04145,普通车,正常
BIKE04146,助力车,正常
BIKE04147,普通车,维修
BIKE04148,普通车,正常
BIKE04149,普通车,正常
BIKE04150,普通车,正常
BIKE04151,普通车,维修
BIKE04152,普通车,正常
BIKE04153,普通车,维修
BIKE04154,普通车,正常
BIKE04155,普通车,维修
BIKE04156,普通车,维修
BIKE04157,普通车,正常
BIKE04158,普通车,正常
BIKE04159,普通车,正常
BIKE04160,普通车,正常
BIKE04161,普通车,正常
BIKE04162,普通车,正常
BIKE04163,普通车,正常
BIKE04164,普通车,正常
BIKE04165,助力车,正常
BIKE04166,普通车,正常
BIKE04167,普通车,正常
BIKE04168,普通车,正常
BIKE04169,普通车,正常
BIKE04170,普通车,正常
BIKE04171,助力车,正常
BIKE04172,助力车,正常
BIKE04173,普通车,正常
BIKE04174,助力车,正常
BIKE04175,普通车,正常
BIKE04176,助力车,正常
BIKE04177,普通车,正常
BIKE04178,普通车,损坏
BIKE04179,普通车,正常
BIKE04180,普通车,正常
BIKE04181,普通车,正常
BIKE04182,助力车,正常
BIKE04183,助力车,正常
BIKE04184,普通车,正常
BIKE04185,普通车,正常
BIKE04186,助力车,正常
BIKE04187,助力车,正常
BIKE04188,普通车,正常
BIKE04189,普通车,正常
BIKE04190,普通车,正常
BIKE04191,助力车,正常
BIKE04192,普通车,正常
BIKE04193,普通车,正常
BIKE04194,助力车,正常
BIKE04195,普通车,正常
BIKE04196,普通车,正常
BIKE04197,助力车,正常
BIKE04198,普通车,维修
BIKE04199,普通车,正常
BIKE04200,普通车,正常
BIKE04201,普通车,正常
BIKE04202,普通车,正常
BIKE04203,普通车,正常
BIKE04204,普通车,正常
BIKE04205,助力车,正常
BIKE04206,普通车,正常
BIKE04207,普通车,正常
BIKE04208,普通车,维修
BIKE04209,普通车,正常
BIKE04210,助力车,正常
BIKE04211,助力车,正常
BIKE04212,普通车,正常
BIKE04213,普通车,正常
BIKE04214,普通车,正常
BIKE04215,普通车,正常
BIKE04216,普通车,正常
BIKE04217,助力车,正常
BIKE04218,普通车,正常
BIKE04219,普通车,损坏
BIKE04220,普通车,正常
BIKE04221,助力车,正常
BIKE04222,普通车,正常
BIKE04223,普通车,正常
BIKE04224,助力车,正常
BIKE04225,普通车,维修
BIKE04226,普通车,正常
BIKE04227,普通车,正常
BIKE04228,普通车,正常
BIKE04229,普通车,正常
BIKE04230,普通车,正常
BIKE04231,普通车,正常
BIKE04232,普通车,正常
BIKE04233,助力车,正常
BIKE04234,普通车,正常
BIKE04235,助力车,正常
BIKE04236,普通车,正常
BIKE04237,普通车,正常
BIKE04238,普通车,正常
BIKE04239,助力车,正常
BIKE04240,普通车,正常
BIKE04241,普通车,正常
BIKE04242,普通车,正常
BIKE04243,普通车,正常
BIKE04244,助力车,正常
BIKE04245,普通车,正常
BIKE04246,普通车,正常
BIKE04247,助力车,正常
BIKE04248,普通车,正常
BIKE04249,普通车,正常
BIKE04250,助力车,正常
BIKE04251,助力车,正常
BIKE04252,助力车,正常
BIKE04253,普通车,正常
BIKE04254,助力车,正常
BIKE04255,助力车,正常
BIKE04256,普通车,正常
BIKE04257,普通车,正常
BIKE04258,助力车,正常
BIKE04259,助力车,正常
BIKE04260,助力车,正常
BIKE04261,普通车,正常
BIKE04262,普通车,维修
BIKE04263,普通车,正常
BIKE04264,普通车,正常
BIKE04265,普通车,正常
BIKE04266,普通车,正常
BIKE04267,普通车,正常
BIKE04268,普通车,正常
BIKE04269,助力车,正常
BIKE04270,助力车,正常
BIKE04271,普通车,正常
BIKE04272,普通车,正常
BIKE04273,助力车,正常
BIKE04274,助力车,正常
BIKE04275,助力车,正常
BIKE04276,普通车,维修
BIKE04277,助力车,正常
BIKE04278,普通车,正常
BIKE04279,助力车,正常
BIKE04280,普通车,正常
BIKE04281,普通车,正常
BIKE04282,普通车,正常
BIKE04283,普通车,正常
BIKE04284,助力车,正常
BIKE04285,普通车,维修
BIKE04286,普通车,正常
BIKE04287,普通车,正常
BIKE04288,普通车,正常
BIKE04289,普通车,正常
BIKE04290,助力车,正常
BIKE04291,助力车,正常
BIKE04292,助力车,正常
BIKE04293,助力车,正常
BIKE04294,普通车,正常
BIKE04295,普通车,正常
BIKE04296,普通车,正常
BIKE04297,助力车,正常
BIKE04298,普通车,正常
BIKE04299,普通车,正常
BIKE04300,助力车,正常
BIKE04301,助力车,正常
BIKE04302,助力车,正常
BIKE04303,普通车,正常
BIKE04304,普通车,正常
BIKE04305,助力车,维修
BIKE04306,助力车,正常
BIKE04307,助力车,正常
BIKE04308,普通车,正常
BIKE04309,助力车,正常
BIKE04310,普通车,维修
BIKE04311,普通车,正常
BIKE04312,普通车,正常
BIKE04313,助力车,正常
BIKE04314,助力车,正常
BIKE04315,助力车,正常
BIKE04316,普通车,正常
BIKE04317,普通车,正常
BIKE04318,普通车,正常
BIKE04319,普通车,正常
BIKE04320,普通车,正常
BIKE04321,普通车,正常
BIKE04322,助力车,正常
BIKE04323,普通车,正常
BIKE04324,助力车,正常
BIKE04325,助力车,维修
BIKE04326,助力车,正常
BIKE04327,普通车,正常
BIKE04328,普通车,维修
BIKE04329,助力车,正常
BIKE04330,普通车,正常
BIKE04331,普通车,正常
BIKE04332,助力车,正常
BIKE04333,普通车,正常
BIKE04334,助力车,正常
BIKE04335,普通车,正常
BIKE04336,助力车,维修
BIKE04337,普通车,正常
BIKE04338,普通车,正常
BIKE04339,普通车,正常
BIKE04340,助力车,正常
BIKE04341,普通车,正常
BIKE04342,普通车,正常
BIKE04343,普通车,正常
BIKE04344,普通车,正常
BIKE04345,普通车,正常
BIKE04346,普通车,正常
BIKE04347,助力车,正常
BIKE04348,普通车,正常
BIKE04349,普通车,正常
BIKE04350,助力车,正常
BIKE04351,普通车,正常
BIKE04352,普通车,正常
BIKE04353,普通车,维修
BIKE04354,普通车,正常
BIKE04355,普通车,正常
BIKE04356,助力车,维修
BIKE04357,普通车,正常
BIKE04358,普通车,正常
BIKE04359,普通车,正常
BIKE04360,助力车,正常
BIKE04361,普通车,维修
BIKE04362,普通车,正常
BIKE04363,普通车,正常
BIKE04364,普通车,正常
BIKE04365,普通车,正常
BIKE04366,普通车,正常
BIKE04367,助力车,正常
BIKE04368,普通车,维修
BIKE04369,助力车,正常
BIKE04370,普通车,正常
BIKE04371,助力车,正常
BIKE04372,普通车,正常
BIKE04373,普通车,正常
BIKE04374,助力车,正常
BIKE04375,助力车,正常
BIKE04376,助力车,正常
BIKE04377,普通车,正常
BIKE04378,助力车,正常
BIKE04379,普通车,正常
BIKE04380,普通车,正常
BIKE04381,助力车,正常
BIKE04382,普通车,正常
BIKE04383,普通车,正常
BIKE04384,普通车,正常
BIKE04385,普通车,维修
BIKE04386,助力车,正常
BIKE04387,普通车,正常
BIKE04388,普通车,正常
BIKE04389,普通车,正常
BIKE04390,普通车,正常
BIKE04391,普通车,损坏
BIKE04392,普通车,正常
BIKE04393,普通车,正常
BIKE04394,助力车,正常
BIKE04395,普通车,正常
BIKE04396,普通车,正常
BIKE04397,普通车,正常
BIKE04398,普通车,正常
BIKE04399,普通车,正常
BIKE04400,普通车,正常
BIKE04401,助力车,正常
BIKE04402,助力车,正常
BIKE04403,普通车,正常
BIKE04404,普通车,损坏
BIKE04405,助力车,正常
BIKE04406,助力车,维修
BIKE04407,普通车,正常
BIKE04408,普通车,正常
BIKE04409,普通车,正常
BIKE04410,普通车,正常
BIKE04411,普通车,正常
BIKE04412,助力车,正常
BIKE04413,助力车,正常
BIKE04414,普通车,正常
BIKE04415,普通车,正常
BIKE04416,普通车,正常
BIKE04417,普通车,损坏
BIKE04418,普通车,正常
BIKE04419,助力车,正常
BIKE04420,普通车,正常
BIKE04421,普通车,正常
BIKE04422,普通车,正常
BIKE04423,助力车,正常
BIKE04424,普通车,正常
BIKE04425,普通车,正常
BIKE04426,普通车,维修
BIKE04427,助力车,正常
BIKE04428,普通车,正常
BIKE04429,普通车,正常
BIKE04430,助力车,正常
BIKE04431,普通车,正常
BIKE04432,普通车,正常
BIKE04433,普通车,正常
BIKE04434,助力车,正常
BIKE04435,普通车,正常
BIKE04436,普通车,正常
BIKE04437,助力车,正常
BIKE04438,普通车,正常
BIKE04439,助力车,正常
BIKE04440,助力车,正常
BIKE04441,普通车,正常
BIKE04442,普通车,维修
BIKE04443,普通车,正常
BIKE04444,普通车,正常
BIKE04445,助力车,正常
BIKE04446,普通车,正常
BIKE04447,助力车,正常
BIKE04448,普通车,正常
BIKE04449,助力车,正常
BIKE04450,普通车,维修
BIKE04451,普通车,正常
BIKE04452,助力车,维修
BIKE04453,普通车,正常
BIKE04454,普通车,正常
BIKE04455,普通车,正常
BIKE04456,普通车,正常
BIKE04457,普通车,正常
BIKE04458,普通车,正常
BIKE04459,助力车,正常
BIKE04460,普通车,正常
BIKE04461,普通车,正常
BIKE04462,普通车,正常
BIKE04463,普通车,正常
BIKE04464,助力车,正常
BIKE04465,普通车,正常
BIKE04466,助力车,正常
BIKE04467,普通车,正常
BIKE04468,普通车,正常
BIKE04469,普通车,正常
BIKE04470,普通车,正常
BIKE04471,普通车,正常
BIKE04472,普通车,正常
BIKE04473,普通车,正常
BIKE04474,普通车,正常
BIKE04475,普通车,正常
BIKE04476,普通车,正常
BIKE04477,普通车,正常
BIKE04478,普通车,正常
BIKE04479,助力车,正常
BIKE04480,助力车,正常
BIKE04481,普通车,维修
BIKE04482,助力车,正常
BIKE04483,助力车,正常
BIKE04484,普通车,维修
BIKE04485,普通车,正常
BIKE04486,普通车,正常
BIKE04487,普通车,正常
BIKE04488,普通车,正常
BIKE04489,普通车,正常
BIKE04490,普通车,正常
BIKE04491,普通车,正常
BIKE04492,普通车,正常
BIKE04493,普通车,正常
BIKE04494,助力车,正常
BIKE04495,普通车,正常
BIKE04496,普通车,正常
BIKE04497,普通车,正常
BIKE04498,普通车,正常
BIKE04499,普通车,正常
BIKE04500,普通车,维修
BIKE04501,普通车,正常
BIKE04502,普通车,正常
BIKE04503,普通车,正常
BIKE04504,普通车,正常
BIKE04505,普通车,正常
BIKE04506,普通车,正常
BIKE04507,普通车,正常
BIKE04508,普通车,正常
BIKE04509,普通车,正常
BIKE04510,助力车,正常
BIKE04511,普通车,正常
BIKE04512,助力车,正常
BIKE04513,普通车,正常
BIKE04514,普通车,正常
BIKE04515,助力车,正常
BIKE04516,普通车,损坏
BIKE04517,普通车,正常
BIKE04518,普通车,正常
BIKE04519,普通车,正常
BIKE04520,普通车,正常
BIKE04521,普通车,正常
BIKE04522,助力车,正常
BIKE04523,助力车,正常
BIKE04524,普通车,正常
BIKE04525,普通车,正常
BIKE04526,普通车,正常
BIKE04527,助力车,正常
BIKE04528,助力车,正常
BIKE04529,普通车,正常
BIKE04530,助力车,正常
BIKE04531,助力车,正常
BIKE04532,助力车,正常
BIKE04533,普通车,正常
BIKE04534,普通车,正常
BIKE04535,普通车,正常
BIKE04536,普通车,维修
BIKE04537,普通车,维修
BIKE04538,助力车,正常
BIKE04539,普通车,正常
BIKE04540,普通车,正常
BIKE04541,助力车,正常
BIKE04542,助力车,正常
BIKE04543,普通车,正常
BIKE04544,普通车,正常
BIKE04545,助力车,正常
BIKE04546,助力车,正常
BIKE04547,助力车,正常
BIKE04548,普通车,正常
BIKE04549,助力车,维修
BIKE04550,普通车,正常
BIKE04551,普通车,正常
BIKE04552,普通车,正常
BIKE04553,助力车,正常
BIKE04554,普通车,正常
BIKE04555,普通车,正常
BIKE04556,助力车,正常
BIKE04557,助力车,维修
BIKE04558,普通车,正常
BIKE04559,普通车,正常
BIKE04560,普通车,维修
BIKE04561,助力车,正常
BIKE04562,普通车,正常
BIKE04563,助力车,正常
BIKE04564,助力车,正常
BIKE04565,助力车,正常
BIKE04566,普通车,正常
BIKE04567,普通车,正常
BIKE04568,普通车,正常
BIKE04569,普通车,正常
BIKE04570,普通车,正常
BIKE04571,普通车,正常
BIKE04572,普通车,正常
BIKE04573,助力车,正常
BIKE04574,普通车,正常
BIKE04575,普通车,正常
BIKE04576,普通车,维修
BIKE04577,普通车,正常
BIKE04578,普通车,正常
BIKE04579,普通车,正常
BIKE04580,助力车,正常
BIKE04581,助力车,正常
BIKE04582,普通车,正常
BIKE04583,普通车,正常
BIKE04584,普通车,正常
BIKE04585,助力车,损坏
BIKE04586,普通车,正常
BIKE04587,助力车,正常
BIKE04588,助力车,正常
BIKE04589,普通车,正常
BIKE04590,助力车,正常
BIKE04591,普通车,正常
BIKE04592,普通车,正常
BIKE04593,普通车,维修
BIKE04594,助力车,正常
BIKE04595,普通车,正常
BIKE04596,助力车,正常
BIKE04597,助力车,正常
BIKE04598,助力车,正常
BIKE04599,普通车,正常
BIKE04600,助力车,正常
BIKE04601,助力车,正常
BIKE04602,普通车,正常
BIKE04603,普通车,维修
BIKE04604,普通车,正常
BIKE04605,助力车,正常
BIKE04606,助力车,维修
BIKE04607,普通车,正常
BIKE04608,普通车,正常
BIKE04609,普通车,正常
BIKE04610,普通车,正常
BIKE04611,助力车,正常
BIKE04612,普通车,正常
BIKE04613,普通车,正常
BIKE04614,普通车,正常
BIKE04615,助力车,正常
BIKE04616,普通车,正常
BIKE04617,普通车,正常
BIKE04618,助力车,正常
BIKE04619,助力车,正常
BIKE04620,普通车,正常
BIKE04621,普通车,正常
BIKE04622,助力车,正常
BIKE04623,普通车,正常
BIKE04624,普通车,正常
BIKE04625,普通车,正常
BIKE04626,助力车,正常
BIKE04627,普通车,正常
BIKE04628,普通车,维修
BIKE04629,普通车,正常
BIKE04630,助力车,正常
BIKE04631,普通车,正常
BIKE04632,助力车,维修
BIKE04633,普通车,正常
BIKE04634,普通车,正常
BIKE04635,助力车,正常
BIKE04636,普通车,维修
BIKE04637,普通车,正常
BIKE04638,普通车,正常
BIKE04639,普通车,维修
BIKE04640,普通车,损坏
BIKE04641,普通车,正常
BIKE04642,普通车,损坏
BIKE04643,普通车,正常
BIKE04644,普通车,正常
BIKE04645,普通车,正常
BIKE04646,助力车,正常
BIKE04647,助力车,正常
BIKE04648,普通车,正常
BIKE04649,普通车,维修
BIKE04650,普通车,正常
BIKE04651,普通车,正常
BIKE04652,普通车,维修
BIKE04653,普通车,正常
BIKE04654,普通车,损坏
BIKE04655,普通车,正常
BIKE04656,普通车,正常
BIKE04657,普通车,正常
BIKE04658,普通车,正常
BIKE04659,普通车,正常
BIKE04660,普通车,正常
BIKE04661,助力车,正常
BIKE04662,普通车,维修
BIKE04663,普通车,正常
BIKE04664,助力车,正常
BIKE04665,普通车,正常
BIKE04666,助力车,正常
BIKE04667,普通车,正常
BIKE04668,普通车,正常
BIKE04669,普通车,正常
BIKE04670,助力车,正常
BIKE04671,助力车,正常
BIKE04672,普通车,正常
BIKE04673,助力车,正常
BIKE04674,普通车,维修
BIKE04675,普通车,正常
BIKE04676,普通车,正常
BIKE04677,普通车,正常
BIKE04678,普通车,正常
BIKE04679,助力车,正常
BIKE04680,普通车,正常
BIKE04681,普通车,维修
BIKE04682,普通车,正常
BIKE04683,普通车,正常
BIKE04684,助力车,正常
BIKE04685,普通车,正常
BIKE04686,普通车,正常
BIKE04687,普通车,正常
BIKE04688,普通车,正常
BIKE04689,普通车,维修
BIKE04690,普通车,正常
BIKE04691,普通车,正常
BIKE04692,普通车,正常
BIKE04693,普通车,正常
BIKE04694,普通车,正常
BIKE04695,普通车,正常
BIKE04696,助力车,正常
BIKE04697,普通车,维修
BIKE04698,普通车,正常
BIKE04699,普通车,正常
BIKE04700,普通车,正常
BIKE04701,助力车,正常
BIKE04702,助力车,正常
BIKE04703,助力车,正常
BIKE04704,普通车,正常
BIKE04705,普通车,正常
BIKE04706,普通车,正常
BIKE04707,普通车,维修
BIKE04708,普通车,正常
BIKE04709,普通车,正常
BIKE04710,普通车,维修
BIKE04711,助力车,正常
BIKE04712,普通车,正常
BIKE04713,普通车,正常
BIKE04714,助力车,维修
BIKE04715,助力车,正常
BIKE04716,普通车,正常
BIKE04717,助力车,正常
BIKE04718,普通车,正常
BIKE04719,普通车,正常
BIKE04720,普通车,正常
BIKE04721,普通车,正常
BIKE04722,普通车,维修
BIKE04723,普通车,正常
BIKE04724,助力车,正常
BIKE04725,普通车,维修
BIKE04726,普通车,正常
BIKE04727,助力车,正常
BIKE04728,助力车,正常
BIKE04729,普通车,维修
BIKE04730,普通车,正常
BIKE04731,普通车,正常
BIKE04732,普通车,正常
BIKE04733,普通车,正常
BIKE04734,助力车,维修
BIKE04735,普通车,正常
BIKE04736,普通车,正常
BIKE04737,普通车,正常
BIKE04738,普通车,正常
BIKE04739,助力车,正常
BIKE04740,助力车,正常
BIKE04741,普通车,维修
BIKE04742,普通车,维修
BIKE04743,普通车,正常
BIKE04744,普通车,正常
BIKE04745,普通车,正常
BIKE04746,助力车,正常
BIKE04747,助力车,正常
BIKE04748,助力车,正常
BIKE04749,普通车,正常
BIKE04750,助力车,正常
BIKE04751,助力车,正常
BIKE04752,助力车,维修
BIKE04753,助力车,正常
BIKE04754,普通车,正常
BIKE04755,助力车,正常
BIKE04756,普通车,正常
BIKE04757,普通车,正常
BIKE04758,普通车,正常
BIKE04759,普通车,正常
BIKE04760,普通车,正常
BIKE04761,普通车,正常
BIKE04762,普通车,正常
BIKE04763,普通车,正常
BIKE04764,普通车,正常
BIKE04765,普通车,正常
BIKE04766,普通车,正常
BIKE04767,普通车,正常
BIKE04768,普通车,维修
BIKE04769,普通车,正常
BIKE04770,普通车,正常
BIKE04771,助力车,正常
BIKE04772,普通车,正常
BIKE04773,普通车,正常
BIKE04774,普通车,正常
BIKE04775,普通车,正常
BIKE04776,普通车,正常
BIKE04777,普通车,正常
BIKE04778,普通车,正常
BIKE04779,助力车,维修
BIKE04780,助力车,正常
BIKE04781,助力车,正常
BIKE04782,助力车,正常
BIKE04783,助力车,损坏
BIKE04784,助力车,维修
BIKE04785,普通车,正常
BIKE04786,普通车,维修
BIKE04787,普通车,正常
BIKE04788,普通车,正常
BIKE04789,助力车,维修
BIKE04790,普通车,正常
BIKE04791,普通车,正常
BIKE04792,助力车,正常
BIKE04793,助力车,正常
BIKE04794,普通车,正常
BIKE04795,普通车,正常
BIKE04796,普通车,正常
BIKE04797,普通车,正常
BIKE04798,普通车,正常
BIKE04799,普通车,正常
BIKE04800,普通车,正常
BIKE04801,普通车,正常
BIKE04802,普通车,正常
BIKE04803,普通车,正常
BIKE04804,普通车,正常
BIKE04805,助力车,正常
BIKE04806,普通车,正常
BIKE04807,普通车,正常
BIKE04808,普通车,正常
BIKE04809,助力车,正常
BIKE04810,普通车,正常
BIKE04811,助力车,损坏
BIKE04812,助力车,正常
BIKE04813,普通车,正常
BIKE04814,助力车,维修
BIKE04815,普通车,维修
BIKE04816,助力车,正常
BIKE04817,普通车,正常
BIKE04818,普通车,正常
BIKE04819,普通车,维修
BIKE04820,普通车,正常
BIKE04821,普通车,维修
BIKE04822,普通车,正常
BIKE04823,助力车,正常
BIKE04824,普通车,正常
BIKE04825,普通车,正常
BIKE04826,助力车,正常
BIKE04827,普通车,正常
BIKE04828,普通车,正常
BIKE04829,普通车,正常
BIKE04830,助力车,正常
BIKE04831,普通车,正常
BIKE04832,普通车,正常
BIKE04833,普通车,正常
BIKE04834,普通车,正常
BIKE04835,助力车,正常
BIKE04836,普通车,正常
BIKE04837,助力车,正常
BIKE04838,普通车,正常
BIKE04839,普通车,正常
BIKE04840,普通车,正常
BIKE04841,助力车,正常
BIKE04842,普通车,正常
BIKE04843,普通车,正常
BIKE04844,普通车,正常
BIKE04845,普通车,正常
BIKE04846,普通车,正常
BIKE04847,助力车,正常
BIKE04848,普通车,正常
BIKE04849,普通车,正常
BIKE04850,普通车,正常
BIKE04851,助力车,正常
BIKE04852,普通车,正常
BIKE04853,普通车,正常
BIKE04854,普通车,正常
BIKE04855,助力车,正常
BIKE04856,普通车,正常
BIKE04857,普通车,正常
BIKE04858,助力车,正常
BIKE04859,普通车,正常
BIKE04860,助力车,正常
BIKE04861,普通车,正常
BIKE04862,助力车,正常
BIKE04863,普通车,正常
BIKE04864,普通车,正常
BIKE04865,普通车,正常
BIKE04866,普通车,正常
BIKE04867,助力车,正常
BIKE04868,助力车,正常
BIKE04869,普通车,正常
BIKE04870,助力车,正常
BIKE04871,助力车,正常
BIKE04872,普通车,正常
BIKE04873,助力车,正常
BIKE04874,普通车,正常
BIKE04875,普通车,正常
BIKE04876,普通车,损坏
BIKE04877,助力车,正常
BIKE04878,普通车,正常
BIKE04879,普通车,正常
BIKE04880,普通车,正常
BIKE04881,助力车,正常
BIKE04882,普通车,正常
BIKE04883,普通车,损坏
BIKE04884,普通车,正常
BIKE04885,普通车,正常
BIKE04886,助力车,正常
BIKE04887,助力车,正常
BIKE04888,助力车,正常
BIKE04889,普通车,正常
BIKE04890,普通车,维修
BIKE04891,普通车,正常
BIKE04892,助力车,正常
BIKE04893,助力车,正常
BIKE04894,普通车,正常
BIKE04895,普通车,正常
BIKE04896,普通车,正常
BIKE04897,普通车,正常
BIKE04898,助力车,正常
BIKE04899,助力车,正常
BIKE04900,助力车,正常
BIKE04901,普通车,正常
BIKE04902,普通车,正常
BIKE04903,普通车,正常
BIKE04904,普通车,正常
BIKE04905,普通车,正常
BIKE04906,助力车,正常
BIKE04907,助力车,正常
BIKE04908,普通车,正常
BIKE04909,普通车,正常
BIKE04910,普通车,正常
BIKE04911,普通车,正常
BIKE04912,普通车,正常
BIKE04913,助力车,正常
BIKE04914,助力车,正常
BIKE04915,普通车,正常
BIKE04916,普通车,正常
BIKE04917,助力车,正常
BIKE04918,普通车,正常
BIKE04919,普通车,正常
BIKE04920,普通车,维修
BIKE04921,普通车,正常
BIKE04922,普通车,正常
BIKE04923,普通车,正常
BIKE04924,助力车,正常
BIKE04925,普通车,正常
BIKE04926,普通车,正常
BIKE04927,助力车,正常
BIKE04928,普通车,损坏
BIKE04929,普通车,正常
BIKE04930,普通车,正常
BIKE04931,普通车,正常
BIKE04932,助力车,正常
BIKE04933,助力车,正常
BIKE04934,普通车,正常
BIKE04935,普通车,正常
BIKE04936,普通车,正常
BIKE04937,普通车,正常
BIKE04938,助力车,正常
BIKE04939,助力车,正常
BIKE04940,助力车,正常
BIKE04941,普通车,正常
BIKE04942,普通车,正常
BIKE04943,普通车,正常
BIKE04944,普通车,维修
BIKE04945,普通车,正常
BIKE04946,普通车,正常
BIKE04947,普通车,正常
BIKE04948,普通车,正常
BIKE04949,普通车,正常
BIKE04950,助力车,损坏
BIKE04951,普通车,正常
BIKE04952,普通车,正常
BIKE04953,助力车,正常
BIKE04954,普通车,正常
BIKE04955,助力车,正常
BIKE04956,普通车,维修
BIKE04957,普通车,正常
BIKE04958,普通车,正常
BIKE04959,助力车,正常
BIKE04960,助力车,正常
BIKE04961,普通车,正常
BIKE04962,助力车,正常
BIKE04963,普通车,正常
BIKE04964,助力车,正常
BIKE04965,普通车,正常
BIKE04966,普通车,正常
BIKE04967,助力车,正常
BIKE04968,普通车,正常
BIKE04969,普通车,正常
BIKE04970,普通车,正常
BIKE04971,普通车,正常
BIKE04972,助力车,正常
BIKE04973,助力车,正常
BIKE04974,助力车,正常
BIKE04975,普通车,正常
BIKE04976,普通车,正常
BIKE04977,普通车,正常
BIKE04978,普通车,正常
BIKE04979,助力车,正常
BIKE04980,助力车,维修
BIKE04981,普通车,正常
BIKE04982,普通车,正常
BIKE04983,助力车,正常
BIKE04984,普通车,正常
BIKE04985,普通车,正常
BIKE04986,普通车,损坏
BIKE04987,普通车,正常
BIKE04988,普通车,正常
BIKE04989,普通车,损坏
BIKE04990,普通车,正常
BIKE04991,普通车,正常
BIKE04992,普通车,正常
BIKE04993,助力车,正常
BIKE04994,普通车,正常
BIKE04995,助力车,正常
BIKE04996,普通车,正常
BIKE04997,普通车,正常
BIKE04998,助力车,正常
BIKE04999,普通车,正常
